image,actual_class,predicted_class
1353_im_2.png,Denim,Denim
1337_im_2.png,Denim,Denim
1055_im_2.png,Denim,Blended
1248_im_2.png,Denim,Cotton
1252_im_2.png,Denim,Cotton
1041_im_2.png,Denim,Cotton
1335_im_2.png,Denim,Denim
1118_im_2.png,Denim,Cotton
1117_im_2.png,Denim,Cotton
1339_im_2.png,Denim,Denim
1081_im_2.png,Denim,Denim
1402_im_2.png,Denim,Denim
1332_im_2.png,Denim,Denim
1249_im_2.png,Denim,Denim
1314_im_2.png,Denim,Denim
1085_im_2.png,Denim,Cotton
1077_im_2.png,Denim,Cotton
1074_im_2.png,Denim,Denim
1316_im_2.png,Denim,Denim
515_im_2.png,Denim,Denim
1071_im_2.png,Denim,Blended
1320_im_2.png,Denim,Denim
1325_im_2.png,Denim,Denim
1303_im_2.png,Denim,Denim
1289_im_2.png,Denim,Denim
1064_im_2.png,Denim,Blended
1246_im_2.png,Denim,Cotton
1259_im_2.png,Denim,Cotton
1080_im_2.png,Denim,Cotton
1063_im_2.png,Denim,Denim
1060_im_2.png,Denim,Blended
1120_im_2.png,Denim,Denim
1083_im_2.png,Denim,Blended
1308_im_2.png,Denim,Cotton
433_im_2.png,Denim,Denim
1342_im_2.png,Denim,Denim
300_im_2.png,Denim,Denim
1138_im_2.png,Denim,Cotton
1059_im_2.png,Denim,Cotton
1345_im_2.png,Denim,Denim
1253_im_2.png,Denim,Cotton
1310_im_2.png,Denim,Denim
1119_im_2.png,Denim,Denim
1328_im_2.png,Denim,Denim
1046_im_2.png,Denim,Cotton
1058_im_2.png,Denim,Cotton
420_im_2.png,Denim,Denim
1287_im_2.png,Denim,Denim
1068_im_2.png,Denim,Blended
1052_im_2.png,Denim,Denim
1135_im_2.png,Denim,Cotton
1254_im_2.png,Denim,Cotton
1044_im_2.png,Denim,Cotton
1330_im_2.png,Denim,Denim
1043_im_2.png,Denim,Blended
1056_im_2.png,Denim,Denim
1315_im_2.png,Denim,Denim
1333_im_2.png,Denim,Denim
1234_im_2.png,Denim,Cotton
1278_im_2.png,Denim,Cotton
1311_im_2.png,Denim,Denim
152_im_2.png,Denim,Denim
1343_im_2.png,Denim,Denim
1053_im_2.png,Denim,Blended
1306_im_2.png,Denim,Denim
1319_im_2.png,Denim,Denim
1276_im_2.png,Denim,Denim
1050_im_2.png,Denim,Cotton
1070_im_2.png,Denim,Blended
1062_im_2.png,Denim,Blended
1256_im_2.png,Denim,Cotton
1351_im_2.png,Denim,Denim
1347_im_2.png,Denim,Denim
1322_im_2.png,Denim,Cotton
431_im_2.png,Denim,Denim
1327_im_2.png,Denim,Denim
1247_im_2.png,Denim,Cotton
429_im_2.png,Denim,Cotton
1326_im_2.png,Denim,Denim
1191_im_2.png,Denim,Cotton
1250_im_2.png,Denim,Denim
1300_im_2.png,Denim,Blended
1075_im_2.png,Denim,Cotton
1288_im_2.png,Denim,Denim
1051_im_2.png,Denim,Denim
1082_im_2.png,Denim,Cotton
1192_im_2.png,Denim,Cotton
1079_im_2.png,Denim,Cotton
1_im_2.png,Denim,Denim
421_im_2.png,Denim,Denim
1069_im_2.png,Denim,Blended
1301_im_2.png,Denim,Cotton
1329_im_2.png,Denim,Denim
1324_im_2.png,Denim,Denim
1047_im_2.png,Denim,Denim
1317_im_2.png,Denim,Denim
1057_im_2.png,Denim,Cotton
1336_im_2.png,Denim,Denim
1321_im_2.png,Denim,Denim
1331_im_2.png,Denim,Denim
424_im_2.png,Denim,Denim
1350_im_2.png,Denim,Denim
1084_im_2.png,Denim,Blended
1305_im_2.png,Denim,Denim
1190_im_2.png,Denim,Denim
1355_im_2.png,Denim,Denim
1349_im_2.png,Denim,Denim
225_im_2.png,Denim,Denim
1086_im_2.png,Denim,Cotton
1307_im_2.png,Denim,Denim
1277_im_2.png,Denim,Denim
516_im_2.png,Denim,Denim
1255_im_2.png,Denim,Cotton
1279_im_2.png,Denim,Cotton
1313_im_2.png,Denim,Denim
1042_im_2.png,Denim,Cotton
1354_im_2.png,Denim,Denim
1087_im_2.png,Denim,Cotton
1251_im_2.png,Denim,Cotton
1304_im_2.png,Denim,Denim
15_im_2.png,Denim,Denim
1045_im_2.png,Denim,Cotton
1344_im_2.png,Denim,Denim
432_im_2.png,Denim,Denim
1334_im_2.png,Denim,Cotton
1136_im_2.png,Denim,Cotton
1260_im_2.png,Denim,Cotton
1054_im_2.png,Denim,Cotton
1067_im_2.png,Denim,Cotton
1340_im_2.png,Denim,Denim
430_im_2.png,Denim,Blended
12_im_2.png,Denim,Denim
1040_im_2.png,Denim,Cotton
1073_im_2.png,Denim,Denim
1348_im_2.png,Denim,Denim
1235_im_2.png,Denim,Denim
151_im_2.png,Denim,Denim
1048_im_2.png,Denim,Cotton
1341_im_2.png,Denim,Cotton
1318_im_2.png,Denim,Denim
1309_im_2.png,Denim,Denim
1352_im_2.png,Denim,Denim
1065_im_2.png,Denim,Blended
1346_im_2.png,Denim,Denim
1078_im_2.png,Denim,Denim
1323_im_2.png,Denim,Cotton
1061_im_2.png,Denim,Blended
1302_im_2.png,Denim,Cotton
423_im_2.png,Denim,Denim
1072_im_2.png,Denim,Denim
301_im_2.png,Denim,Denim
150_im_2.png,Denim,Denim
1076_im_2.png,Denim,Blended
422_im_2.png,Denim,Denim
1049_im_2.png,Denim,Cotton
1134_im_2.png,Denim,Cotton
1066_im_2.png,Denim,Cotton
1139_im_2.png,Denim,Cotton
1137_im_2.png,Denim,Cotton
1338_im_2.png,Denim,Denim
226_im_2.png,Denim,Denim
1286_im_2.png,Denim,Cotton
784_im_2.png,Silk,Cotton
1012_im_2.png,Silk,Cotton
1022_im_2.png,Silk,Cotton
783_im_2.png,Silk,Blended
489_im_2.png,Silk,Cotton
779_im_2.png,Silk,Cotton
1026_im_2.png,Silk,Cotton
1013_im_2.png,Silk,Cotton
1016_im_2.png,Silk,Cotton
781_im_2.png,Silk,Cotton
437_im_2.png,Silk,Blended
1017_im_2.png,Silk,Cotton
436_im_2.png,Silk,Cotton
1021_im_2.png,Silk,Cotton
1006_im_2.png,Silk,Cotton
523_im_2.png,Silk,Denim
488_im_2.png,Silk,Cotton
1020_im_2.png,Silk,Cotton
1010_im_2.png,Silk,Cotton
1009_im_2.png,Silk,Cotton
824_im_2.png,Silk,Cotton
823_im_2.png,Silk,Cotton
128_im_2.png,Silk,Cotton
997_im_2.png,Silk,Cotton
1019_im_2.png,Silk,Cotton
778_im_2.png,Silk,Blended
776_im_2.png,Silk,Blended
1024_im_2.png,Silk,Cotton
1004_im_2.png,Silk,Blended
1025_im_2.png,Silk,Cotton
130_im_2.png,Silk,Cotton
1018_im_2.png,Silk,Cotton
1014_im_2.png,Silk,Cotton
522_im_2.png,Silk,Cotton
775_im_2.png,Silk,Blended
1007_im_2.png,Silk,Cotton
21_im_2.png,Silk,Cotton
1023_im_2.png,Silk,Cotton
780_im_2.png,Silk,Blended
996_im_2.png,Silk,Denim
777_im_2.png,Silk,Cotton
782_im_2.png,Silk,Blended
1005_im_2.png,Silk,Cotton
129_im_2.png,Silk,Cotton
1011_im_2.png,Silk,Cotton
1008_im_2.png,Silk,Cotton
1015_im_2.png,Silk,Cotton
20_im_2.png,Silk,Cotton
1027_im_2.png,Silk,Cotton
774_im_2.png,Silk,Blended
1029_im_2.png,Satin,Cotton
1012_im_2.png,Satin,Cotton
1028_im_2.png,Satin,Cotton
1013_im_2.png,Satin,Cotton
1016_im_2.png,Satin,Cotton
1017_im_2.png,Satin,Cotton
1033_im_2.png,Satin,Cotton
1006_im_2.png,Satin,Cotton
1010_im_2.png,Satin,Cotton
1009_im_2.png,Satin,Cotton
771_im_2.png,Satin,Cotton
1031_im_2.png,Satin,Cotton
770_im_2.png,Satin,Cotton
1004_im_2.png,Satin,Blended
1014_im_2.png,Satin,Cotton
1032_im_2.png,Satin,Cotton
1007_im_2.png,Satin,Cotton
772_im_2.png,Satin,Cotton
1005_im_2.png,Satin,Cotton
1011_im_2.png,Satin,Cotton
1008_im_2.png,Satin,Cotton
1030_im_2.png,Satin,Cotton
1015_im_2.png,Satin,Cotton
773_im_2.png,Satin,Cotton
1207_im_2.png,Nylon,Cotton
461_im_2.png,Nylon,Cotton
1908_im_2.png,Nylon,Cotton
1805_im_2.png,Nylon,Cotton
1449_im_2.png,Nylon,Cotton
1214_im_2.png,Nylon,Cotton
1905_im_2.png,Nylon,Cotton
1203_im_2.png,Nylon,Cotton
538_im_2.png,Nylon,Cotton
140_im_2.png,Nylon,Cotton
1215_im_2.png,Nylon,Cotton
1441_im_2.png,Nylon,Cotton
1773_im_2.png,Nylon,Cotton
1445_im_2.png,Nylon,Cotton
1910_im_2.png,Nylon,Cotton
1779_im_2.png,Nylon,Cotton
1901_im_2.png,Nylon,Cotton
1778_im_2.png,Nylon,Cotton
1448_im_2.png,Nylon,Cotton
460_im_2.png,Nylon,Cotton
1919_im_2.png,Nylon,Cotton
1446_im_2.png,Nylon,Cotton
141_im_2.png,Nylon,Cotton
1909_im_2.png,Nylon,Cotton
1911_im_2.png,Nylon,Cotton
1447_im_2.png,Nylon,Cotton
1397_im_2.png,Nylon,Cotton
1206_im_2.png,Nylon,Cotton
1204_im_2.png,Nylon,Cotton
1780_im_2.png,Nylon,Cotton
1396_im_2.png,Nylon,Cotton
1904_im_2.png,Nylon,Blended
1442_im_2.png,Nylon,Cotton
1803_im_2.png,Nylon,Cotton
1920_im_2.png,Nylon,Cotton
1896_im_2.png,Nylon,Cotton
1804_im_2.png,Nylon,Cotton
1897_im_2.png,Nylon,Cotton
1898_im_2.png,Nylon,Cotton
1771_im_2.png,Nylon,Cotton
1900_im_2.png,Nylon,Cotton
1902_im_2.png,Nylon,Cotton
1907_im_2.png,Nylon,Cotton
1903_im_2.png,Nylon,Cotton
1770_im_2.png,Nylon,Cotton
1205_im_2.png,Nylon,Cotton
1814_im_2.png,Nylon,Cotton
1815_im_2.png,Nylon,Cotton
439_im_2.png,Nylon,Cotton
483_im_2.png,Nylon,Cotton
1450_im_2.png,Nylon,Cotton
1906_im_2.png,Nylon,Cotton
1443_im_2.png,Nylon,Cotton
1444_im_2.png,Nylon,Cotton
482_im_2.png,Nylon,Cotton
1899_im_2.png,Nylon,Cotton
1772_im_2.png,Nylon,Cotton
1372_im_2.png,Corduroy,Cotton
1227_im_2.png,Corduroy,Cotton
1230_im_2.png,Corduroy,Cotton
1229_im_2.png,Corduroy,Blended
1228_im_2.png,Corduroy,Cotton
1226_im_2.png,Corduroy,Cotton
1793_im_2.png,Corduroy,Cotton
1791_im_2.png,Corduroy,Cotton
1762_im_2.png,Corduroy,Cotton
1231_im_2.png,Corduroy,Blended
1359_im_2.png,Corduroy,Cotton
1233_im_2.png,Corduroy,Blended
1764_im_2.png,Corduroy,Cotton
1232_im_2.png,Corduroy,Blended
1357_im_2.png,Corduroy,Cotton
1817_im_2.png,Corduroy,Cotton
1792_im_2.png,Corduroy,Cotton
1763_im_2.png,Corduroy,Cotton
1816_im_2.png,Corduroy,Cotton
1358_im_2.png,Corduroy,Cotton
1794_im_2.png,Corduroy,Cotton
1765_im_2.png,Corduroy,Cotton
1356_im_2.png,Corduroy,Cotton
1371_im_2.png,Corduroy,Cotton
143_im_2.png,Terrycloth,Cotton
268_im_2.png,Terrycloth,Cotton
5_im_2.png,Terrycloth,Blended
454_im_2.png,Terrycloth,Cotton
265_im_2.png,Terrycloth,Cotton
453_im_2.png,Terrycloth,Cotton
486_im_2.png,Terrycloth,Cotton
148_im_2.png,Terrycloth,Cotton
267_im_2.png,Terrycloth,Cotton
532_im_2.png,Terrycloth,Cotton
144_im_2.png,Terrycloth,Cotton
147_im_2.png,Terrycloth,Cotton
487_im_2.png,Terrycloth,Denim
149_im_2.png,Terrycloth,Cotton
271_im_2.png,Terrycloth,Blended
266_im_2.png,Terrycloth,Cotton
264_im_2.png,Terrycloth,Cotton
269_im_2.png,Terrycloth,Cotton
263_im_2.png,Terrycloth,Blended
455_im_2.png,Terrycloth,Blended
142_im_2.png,Terrycloth,Cotton
260_im_2.png,Terrycloth,Cotton
272_im_2.png,Terrycloth,Cotton
262_im_2.png,Terrycloth,Cotton
145_im_2.png,Terrycloth,Cotton
259_im_2.png,Terrycloth,Cotton
146_im_2.png,Terrycloth,Cotton
273_im_2.png,Terrycloth,Cotton
270_im_2.png,Terrycloth,Cotton
261_im_2.png,Terrycloth,Cotton
1196_im_2.png,Cotton,Blended
1142_im_2.png,Cotton,Cotton
1496_im_2.png,Cotton,Cotton
111_im_2.png,Cotton,Blended
1240_im_2.png,Cotton,Cotton
349_im_2.png,Cotton,Cotton
1163_im_2.png,Cotton,Blended
1832_im_2.png,Cotton,Cotton
1767_im_2.png,Cotton,Cotton
1282_im_2.png,Cotton,Cotton
1509_im_2.png,Cotton,Cotton
1127_im_2.png,Cotton,Cotton
1839_im_2.png,Cotton,Cotton
114_im_2.png,Cotton,Cotton
1185_im_2.png,Cotton,Cotton
745_im_2.png,Cotton,Blended
388_im_2.png,Cotton,Cotton
160_im_2.png,Cotton,Cotton
846_im_2.png,Cotton,Cotton
1830_im_2.png,Cotton,Cotton
243_im_2.png,Cotton,Cotton
1790_im_2.png,Cotton,Cotton
161_im_2.png,Cotton,Cotton
1733_im_2.png,Cotton,Cotton
1851_im_2.png,Cotton,Cotton
1213_im_2.png,Cotton,Cotton
1517_im_2.png,Cotton,Cotton
1290_im_2.png,Cotton,Cotton
1755_im_2.png,Cotton,Cotton
417_im_2.png,Cotton,Cotton
1715_im_2.png,Cotton,Cotton
1167_im_2.png,Cotton,Cotton
428_im_2.png,Cotton,Cotton
1395_im_2.png,Cotton,Cotton
845_im_2.png,Cotton,Cotton
741_im_2.png,Cotton,Cotton
169_im_2.png,Cotton,Cotton
331_im_2.png,Cotton,Cotton
838_im_2.png,Cotton,Blended
490_im_2.png,Cotton,Cotton
1149_im_2.png,Cotton,Cotton
508_im_2.png,Cotton,Cotton
24_im_2.png,Cotton,Cotton
464_im_2.png,Cotton,Blended
206_im_2.png,Cotton,Cotton
749_im_2.png,Cotton,Cotton
1386_im_2.png,Cotton,Cotton
1557_im_2.png,Cotton,Denim
443_im_2.png,Cotton,Denim
1360_im_2.png,Cotton,Cotton
456_im_2.png,Cotton,Cotton
9_im_2.png,Cotton,Cotton
1504_im_2.png,Cotton,Cotton
737_im_2.png,Cotton,Cotton
1713_im_2.png,Cotton,Cotton
1515_im_2.png,Cotton,Blended
1461_im_2.png,Cotton,Cotton
1669_im_2.png,Cotton,Cotton
253_im_2.png,Cotton,Cotton
1795_im_2.png,Cotton,Cotton
1272_im_2.png,Cotton,Cotton
1159_im_2.png,Cotton,Cotton
1680_im_2.png,Cotton,Cotton
1724_im_2.png,Cotton,Cotton
1100_im_2.png,Cotton,Cotton
1769_im_2.png,Cotton,Cotton
132_im_2.png,Cotton,Cotton
1714_im_2.png,Cotton,Cotton
1521_im_2.png,Cotton,Cotton
1490_im_2.png,Cotton,Cotton
733_im_2.png,Cotton,Cotton
1373_im_2.png,Cotton,Cotton
735_im_2.png,Cotton,Cotton
507_im_2.png,Cotton,Cotton
1725_im_2.png,Cotton,Cotton
244_im_2.png,Cotton,Cotton
105_im_2.png,Cotton,Cotton
1298_im_2.png,Cotton,Blended
1809_im_2.png,Cotton,Cotton
1478_im_2.png,Cotton,Cotton
738_im_2.png,Cotton,Cotton
1168_im_2.png,Cotton,Cotton
739_im_2.png,Cotton,Cotton
1183_im_2.png,Cotton,Cotton
1200_im_2.png,Cotton,Cotton
495_im_2.png,Cotton,Cotton
387_im_2.png,Cotton,Cotton
1730_im_2.png,Cotton,Cotton
1522_im_2.png,Cotton,Cotton
159_im_2.png,Cotton,Cotton
1108_im_2.png,Cotton,Cotton
839_im_2.png,Cotton,Blended
1169_im_2.png,Cotton,Cotton
1768_im_2.png,Cotton,Cotton
1292_im_2.png,Cotton,Cotton
1796_im_2.png,Cotton,Cotton
1147_im_2.png,Cotton,Cotton
466_im_2.png,Cotton,Cotton
1957_im_2.png,Cotton,Cotton
1109_im_2.png,Cotton,Denim
1941_im_2.png,Cotton,Cotton
1483_im_2.png,Cotton,Cotton
491_im_2.png,Cotton,Cotton
237_im_2.png,Cotton,Cotton
125_im_2.png,Cotton,Cotton
1284_im_2.png,Cotton,Cotton
1377_im_2.png,Cotton,Cotton
1740_im_2.png,Cotton,Cotton
1482_im_2.png,Cotton,Cotton
52_im_2.png,Cotton,Cotton
390_im_2.png,Cotton,Cotton
418_im_2.png,Cotton,Cotton
1144_im_2.png,Cotton,Cotton
1480_im_2.png,Cotton,Cotton
736_im_2.png,Cotton,Cotton
467_im_2.png,Cotton,Cotton
11_im_2.png,Cotton,Denim
1148_im_2.png,Cotton,Blended
1211_im_2.png,Cotton,Cotton
1459_im_2.png,Cotton,Cotton
696_im_2.png,Cotton,Cotton
1508_im_2.png,Cotton,Cotton
1475_im_2.png,Cotton,Cotton
1502_im_2.png,Cotton,Cotton
205_im_2.png,Cotton,Cotton
1379_im_2.png,Cotton,Denim
1472_im_2.png,Cotton,Cotton
1503_im_2.png,Cotton,Cotton
71_im_2.png,Cotton,Cotton
319_im_2.png,Cotton,Cotton
1243_im_2.png,Cotton,Cotton
1161_im_2.png,Cotton,Cotton
1361_im_2.png,Cotton,Cotton
1126_im_2.png,Cotton,Cotton
697_im_2.png,Cotton,Cotton
1217_im_2.png,Cotton,Cotton
834_im_2.png,Cotton,Cotton
1468_im_2.png,Cotton,Cotton
1202_im_2.png,Cotton,Cotton
1385_im_2.png,Cotton,Cotton
1270_im_2.png,Cotton,Cotton
471_im_2.png,Cotton,Cotton
1281_im_2.png,Cotton,Cotton
175_im_2.png,Cotton,Cotton
843_im_2.png,Cotton,Blended
181_im_2.png,Cotton,Cotton
1514_im_2.png,Cotton,Cotton
1555_im_2.png,Cotton,Denim
1575_im_2.png,Cotton,Cotton
1452_im_2.png,Cotton,Cotton
1774_im_2.png,Cotton,Cotton
1297_im_2.png,Cotton,Denim
1844_im_2.png,Cotton,Cotton
1494_im_2.png,Cotton,Cotton
162_im_2.png,Cotton,Cotton
415_im_2.png,Cotton,Cotton
1563_im_2.png,Cotton,Cotton
848_im_2.png,Cotton,Cotton
1752_im_2.png,Cotton,Cotton
1218_im_2.png,Cotton,Denim
1223_im_2.png,Cotton,Cotton
1562_im_2.png,Cotton,Cotton
1458_im_2.png,Cotton,Cotton
1261_im_2.png,Cotton,Cotton
1151_im_2.png,Cotton,Cotton
121_im_2.png,Cotton,Cotton
1244_im_2.png,Cotton,Cotton
427_im_2.png,Cotton,Cotton
470_im_2.png,Cotton,Cotton
19_im_2.png,Cotton,Cotton
320_im_2.png,Cotton,Cotton
1944_im_2.png,Cotton,Cotton
750_im_2.png,Cotton,Cotton
1801_im_2.png,Cotton,Cotton
1736_im_2.png,Cotton,Cotton
302_im_2.png,Cotton,Cotton
734_im_2.png,Cotton,Cotton
752_im_2.png,Cotton,Cotton
176_im_2.png,Cotton,Cotton
1182_im_2.png,Cotton,Cotton
409_im_2.png,Cotton,Cotton
693_im_2.png,Cotton,Cotton
474_im_2.png,Cotton,Cotton
1744_im_2.png,Cotton,Cotton
1216_im_2.png,Cotton,Cotton
1121_im_2.png,Cotton,Cotton
139_im_2.png,Cotton,Cotton
480_im_2.png,Cotton,Cotton
1238_im_2.png,Cotton,Denim
1940_im_2.png,Cotton,Cotton
746_im_2.png,Cotton,Cotton
844_im_2.png,Cotton,Cotton
341_im_2.png,Cotton,Cotton
1831_im_2.png,Cotton,Cotton
1758_im_2.png,Cotton,Cotton
425_im_2.png,Cotton,Cotton
1499_im_2.png,Cotton,Cotton
70_im_2.png,Cotton,Cotton
479_im_2.png,Cotton,Cotton
204_im_2.png,Cotton,Cotton
1491_im_2.png,Cotton,Cotton
1158_im_2.png,Cotton,Cotton
1751_im_2.png,Cotton,Cotton
1210_im_2.png,Cotton,Cotton
87_im_2.png,Cotton,Cotton
1487_im_2.png,Cotton,Cotton
1489_im_2.png,Cotton,Cotton
1679_im_2.png,Cotton,Cotton
452_im_2.png,Cotton,Cotton
1383_im_2.png,Cotton,Denim
75_im_2.png,Cotton,Cotton
1818_im_2.png,Cotton,Cotton
1477_im_2.png,Cotton,Cotton
99_im_2.png,Cotton,Cotton
699_im_2.png,Cotton,Cotton
1129_im_2.png,Cotton,Cotton
1737_im_2.png,Cotton,Cotton
25_im_2.png,Cotton,Cotton
1761_im_2.png,Cotton,Cotton
1942_im_2.png,Cotton,Cotton
451_im_2.png,Cotton,Cotton
1527_im_2.png,Cotton,Denim
742_im_2.png,Cotton,Cotton
245_im_2.png,Cotton,Denim
1194_im_2.png,Cotton,Cotton
457_im_2.png,Cotton,Cotton
1364_im_2.png,Cotton,Cotton
1554_im_2.png,Cotton,Denim
213_im_2.png,Cotton,Cotton
303_im_2.png,Cotton,Cotton
694_im_2.png,Cotton,Cotton
164_im_2.png,Cotton,Cotton
327_im_2.png,Cotton,Cotton
1474_im_2.png,Cotton,Cotton
1273_im_2.png,Cotton,Cotton
230_im_2.png,Cotton,Cotton
10_im_2.png,Cotton,Cotton
86_im_2.png,Cotton,Cotton
1512_im_2.png,Cotton,Cotton
1888_im_2.png,Cotton,Cotton
1470_im_2.png,Cotton,Cotton
1382_im_2.png,Cotton,Denim
1293_im_2.png,Cotton,Cotton
170_im_2.png,Cotton,Cotton
1718_im_2.png,Cotton,Cotton
214_im_2.png,Cotton,Cotton
1601_im_2.png,Cotton,Cotton
209_im_2.png,Cotton,Cotton
178_im_2.png,Cotton,Cotton
1391_im_2.png,Cotton,Cotton
407_im_2.png,Cotton,Cotton
1497_im_2.png,Cotton,Cotton
1802_im_2.png,Cotton,Cotton
124_im_2.png,Cotton,Cotton
1201_im_2.png,Cotton,Cotton
240_im_2.png,Cotton,Cotton
234_im_2.png,Cotton,Cotton
173_im_2.png,Cotton,Cotton
1507_im_2.png,Cotton,Cotton
291_im_2.png,Cotton,Cotton
299_im_2.png,Cotton,Cotton
1722_im_2.png,Cotton,Cotton
163_im_2.png,Cotton,Cotton
106_im_2.png,Cotton,Cotton
1128_im_2.png,Cotton,Cotton
1294_im_2.png,Cotton,Cotton
475_im_2.png,Cotton,Cotton
231_im_2.png,Cotton,Cotton
168_im_2.png,Cotton,Cotton
1519_im_2.png,Cotton,Cotton
1513_im_2.png,Cotton,Cotton
847_im_2.png,Cotton,Cotton
8_im_2.png,Cotton,Denim
1481_im_2.png,Cotton,Cotton
1236_im_2.png,Cotton,Denim
298_im_2.png,Cotton,Cotton
841_im_2.png,Cotton,Blended
476_im_2.png,Cotton,Cotton
1125_im_2.png,Cotton,Cotton
296_im_2.png,Cotton,Cotton
1738_im_2.png,Cotton,Cotton
835_im_2.png,Cotton,Cotton
1749_im_2.png,Cotton,Cotton
72_im_2.png,Cotton,Cotton
236_im_2.png,Cotton,Denim
690_im_2.png,Cotton,Cotton
195_im_2.png,Cotton,Cotton
233_im_2.png,Cotton,Denim
177_im_2.png,Cotton,Cotton
51_im_2.png,Cotton,Cotton
218_im_2.png,Cotton,Cotton
1165_im_2.png,Cotton,Cotton
1170_im_2.png,Cotton,Cotton
1280_im_2.png,Cotton,Cotton
1734_im_2.png,Cotton,Cotton
842_im_2.png,Cotton,Cotton
312_im_2.png,Cotton,Cotton
1753_im_2.png,Cotton,Cotton
730_im_2.png,Cotton,Cotton
1775_im_2.png,Cotton,Blended
120_im_2.png,Cotton,Cotton
1835_im_2.png,Cotton,Cotton
1462_im_2.png,Cotton,Cotton
1241_im_2.png,Cotton,Cotton
325_im_2.png,Cotton,Cotton
1479_im_2.png,Cotton,Cotton
228_im_2.png,Cotton,Cotton
689_im_2.png,Cotton,Cotton
731_im_2.png,Cotton,Cotton
395_im_2.png,Cotton,Cotton
1840_im_2.png,Cotton,Cotton
290_im_2.png,Cotton,Cotton
1889_im_2.png,Cotton,Cotton
247_im_2.png,Cotton,Cotton
1848_im_2.png,Cotton,Cotton
419_im_2.png,Cotton,Cotton
748_im_2.png,Cotton,Cotton
1394_im_2.png,Cotton,Cotton
326_im_2.png,Cotton,Cotton
1745_im_2.png,Cotton,Cotton
463_im_2.png,Cotton,Cotton
249_im_2.png,Cotton,Cotton
1525_im_2.png,Cotton,Cotton
1471_im_2.png,Cotton,Cotton
1285_im_2.png,Cotton,Cotton
1789_im_2.png,Cotton,Cotton
1754_im_2.png,Cotton,Cotton
1451_im_2.png,Cotton,Cotton
740_im_2.png,Cotton,Cotton
179_im_2.png,Cotton,Cotton
1852_im_2.png,Cotton,Cotton
389_im_2.png,Cotton,Cotton
496_im_2.png,Cotton,Cotton
1511_im_2.png,Cotton,Denim
413_im_2.png,Cotton,Cotton
481_im_2.png,Cotton,Cotton
2_im_2.png,Cotton,Cotton
1393_im_2.png,Cotton,Cotton
435_im_2.png,Cotton,Cotton
531_im_2.png,Cotton,Cotton
1378_im_2.png,Cotton,Cotton
1123_im_2.png,Cotton,Cotton
188_im_2.png,Cotton,Cotton
1731_im_2.png,Cotton,Cotton
1262_im_2.png,Cotton,Cotton
1145_im_2.png,Cotton,Cotton
216_im_2.png,Cotton,Cotton
1381_im_2.png,Cotton,Cotton
1538_im_2.png,Cotton,Denim
688_im_2.png,Cotton,Cotton
751_im_2.png,Cotton,Cotton
468_im_2.png,Cotton,Cotton
530_im_2.png,Cotton,Cotton
391_im_2.png,Cotton,Cotton
246_im_2.png,Cotton,Cotton
1819_im_2.png,Cotton,Cotton
1392_im_2.png,Cotton,Cotton
224_im_2.png,Cotton,Cotton
1152_im_2.png,Cotton,Cotton
1212_im_2.png,Cotton,Cotton
215_im_2.png,Cotton,Cotton
438_im_2.png,Cotton,Cotton
692_im_2.png,Cotton,Cotton
399_im_2.png,Cotton,Cotton
414_im_2.png,Cotton,Cotton
313_im_2.png,Cotton,Cotton
840_im_2.png,Cotton,Cotton
1188_im_2.png,Cotton,Denim
318_im_2.png,Cotton,Cotton
211_im_2.png,Cotton,Cotton
77_im_2.png,Cotton,Cotton
1505_im_2.png,Cotton,Cotton
1506_im_2.png,Cotton,Cotton
324_im_2.png,Cotton,Cotton
747_im_2.png,Cotton,Cotton
477_im_2.png,Cotton,Cotton
1166_im_2.png,Cotton,Cotton
1171_im_2.png,Cotton,Cotton
729_im_2.png,Cotton,Cotton
1299_im_2.png,Cotton,Blended
1271_im_2.png,Cotton,Blended
1224_im_2.png,Cotton,Cotton
1172_im_2.png,Cotton,Cotton
1723_im_2.png,Cotton,Cotton
1384_im_2.png,Cotton,Denim
404_im_2.png,Cotton,Cotton
849_im_2.png,Cotton,Cotton
248_im_2.png,Cotton,Cotton
1296_im_2.png,Cotton,Cotton
1283_im_2.png,Cotton,Cotton
1732_im_2.png,Cotton,Cotton
347_im_2.png,Cotton,Cotton
1237_im_2.png,Cotton,Denim
123_im_2.png,Cotton,Cotton
113_im_2.png,Cotton,Cotton
1162_im_2.png,Cotton,Cotton
321_im_2.png,Cotton,Cotton
1808_im_2.png,Cotton,Cotton
851_im_2.png,Cotton,Cotton
1101_im_2.png,Cotton,Cotton
478_im_2.png,Cotton,Cotton
138_im_2.png,Cotton,Cotton
1553_im_2.png,Cotton,Denim
1219_im_2.png,Cotton,Denim
100_im_2.png,Cotton,Cotton
1160_im_2.png,Cotton,Cotton
1198_im_2.png,Cotton,Cotton
1748_im_2.png,Cotton,Cotton
1398_im_2.png,Cotton,Denim
223_im_2.png,Cotton,Cotton
832_im_2.png,Cotton,Cotton
254_im_2.png,Cotton,Cotton
154_im_2.png,Cotton,Cotton
833_im_2.png,Cotton,Cotton
1720_im_2.png,Cotton,Cotton
1485_im_2.png,Cotton,Cotton
1721_im_2.png,Cotton,Cotton
1668_im_2.png,Cotton,Cotton
1719_im_2.png,Cotton,Cotton
220_im_2.png,Cotton,Cotton
1806_im_2.png,Cotton,Cotton
1492_im_2.png,Cotton,Cotton
348_im_2.png,Cotton,Cotton
235_im_2.png,Cotton,Cotton
398_im_2.png,Cotton,Cotton
76_im_2.png,Cotton,Cotton
131_im_2.png,Cotton,Cotton
1473_im_2.png,Cotton,Cotton
1275_im_2.png,Cotton,Cotton
180_im_2.png,Cotton,Cotton
744_im_2.png,Cotton,Cotton
278_im_2.png,Cotton,Cotton
1156_im_2.png,Cotton,Cotton
1220_im_2.png,Cotton,Cotton
1807_im_2.png,Cotton,Cotton
469_im_2.png,Cotton,Cotton
1729_im_2.png,Cotton,Cotton
1146_im_2.png,Cotton,Blended
698_im_2.png,Cotton,Cotton
101_im_2.png,Cotton,Cotton
441_im_2.png,Cotton,Cotton
1539_im_2.png,Cotton,Blended
1747_im_2.png,Cotton,Cotton
1574_im_2.png,Cotton,Cotton
1107_im_2.png,Cotton,Denim
3_im_2.png,Cotton,Cotton
400_im_2.png,Cotton,Cotton
1523_im_2.png,Cotton,Cotton
1760_im_2.png,Cotton,Cotton
1958_im_2.png,Cotton,Cotton
1743_im_2.png,Cotton,Cotton
1739_im_2.png,Cotton,Cotton
1943_im_2.png,Cotton,Cotton
1834_im_2.png,Cotton,Cotton
252_im_2.png,Cotton,Cotton
836_im_2.png,Cotton,Blended
1199_im_2.png,Cotton,Cotton
73_im_2.png,Cotton,Cotton
541_im_2.png,Cotton,Cotton
1886_im_2.png,Cotton,Cotton
1362_im_2.png,Cotton,Cotton
232_im_2.png,Cotton,Cotton
732_im_2.png,Cotton,Cotton
837_im_2.png,Cotton,Blended
238_im_2.png,Cotton,Cotton
1291_im_2.png,Cotton,Cotton
330_im_2.png,Cotton,Cotton
1735_im_2.png,Cotton,Cotton
210_im_2.png,Cotton,Cotton
416_im_2.png,Cotton,Cotton
1887_im_2.png,Cotton,Cotton
687_im_2.png,Cotton,Cotton
1222_im_2.png,Cotton,Cotton
1157_im_2.png,Cotton,Cotton
442_im_2.png,Cotton,Denim
1833_im_2.png,Cotton,Cotton
1552_im_2.png,Cotton,Denim
1400_im_2.png,Cotton,Cotton
1195_im_2.png,Cotton,Blended
1365_im_2.png,Cotton,Cotton
1766_im_2.png,Cotton,Cotton
1600_im_2.png,Cotton,Cotton
396_im_2.png,Cotton,Cotton
1363_im_2.png,Cotton,Cotton
1510_im_2.png,Cotton,Cotton
695_im_2.png,Cotton,Cotton
406_im_2.png,Cotton,Cotton
1757_im_2.png,Cotton,Cotton
1155_im_2.png,Cotton,Cotton
229_im_2.png,Cotton,Cotton
1374_im_2.png,Cotton,Blended
167_im_2.png,Cotton,Cotton
1122_im_2.png,Cotton,Cotton
194_im_2.png,Cotton,Cotton
1717_im_2.png,Cotton,Cotton
1759_im_2.png,Cotton,Cotton
1561_im_2.png,Cotton,Cotton
1756_im_2.png,Cotton,Cotton
1850_im_2.png,Cotton,Cotton
1274_im_2.png,Cotton,Cotton
743_im_2.png,Cotton,Cotton
385_im_2.png,Cotton,Cotton
277_im_2.png,Cotton,Cotton
1110_im_2.png,Cotton,Cotton
1164_im_2.png,Cotton,Cotton
102_im_2.png,Cotton,Cotton
250_im_2.png,Cotton,Cotton
386_im_2.png,Cotton,Cotton
1484_im_2.png,Cotton,Cotton
1518_im_2.png,Cotton,Cotton
1197_im_2.png,Cotton,Cotton
1488_im_2.png,Cotton,Cotton
217_im_2.png,Cotton,Cotton
1520_im_2.png,Cotton,Cotton
426_im_2.png,Cotton,Cotton
69_im_2.png,Cotton,Cotton
1849_im_2.png,Cotton,Cotton
434_im_2.png,Cotton,Cotton
1225_im_2.png,Cotton,Cotton
440_im_2.png,Cotton,Cotton
850_im_2.png,Cotton,Cotton
1556_im_2.png,Cotton,Denim
394_im_2.png,Cotton,Cotton
1399_im_2.png,Cotton,Blended
1380_im_2.png,Cotton,Cotton
1179_im_2.png,Cotton,Cotton
1501_im_2.png,Cotton,Cotton
405_im_2.png,Cotton,Cotton
1467_im_2.png,Cotton,Cotton
1366_im_2.png,Cotton,Cotton
1375_im_2.png,Cotton,Cotton
112_im_2.png,Cotton,Cotton
408_im_2.png,Cotton,Cotton
462_im_2.png,Cotton,Cotton
1180_im_2.png,Cotton,Cotton
1716_im_2.png,Cotton,Cotton
1500_im_2.png,Cotton,Cotton
1486_im_2.png,Cotton,Cotton
1495_im_2.png,Cotton,Cotton
1390_im_2.png,Cotton,Cotton
251_im_2.png,Cotton,Cotton
1295_im_2.png,Cotton,Cotton
174_im_2.png,Cotton,Cotton
153_im_2.png,Cotton,Cotton
1476_im_2.png,Cotton,Cotton
1460_im_2.png,Cotton,Cotton
1376_im_2.png,Cotton,Denim
227_im_2.png,Cotton,Cotton
50_im_2.png,Cotton,Cotton
78_im_2.png,Cotton,Cotton
465_im_2.png,Cotton,Cotton
342_im_2.png,Cotton,Cotton
403_im_2.png,Cotton,Cotton
239_im_2.png,Cotton,Cotton
1498_im_2.png,Cotton,Cotton
728_im_2.png,Cotton,Cotton
1750_im_2.png,Cotton,Cotton
529_im_2.png,Cotton,Cotton
1141_im_2.png,Cotton,Denim
1242_im_2.png,Cotton,Cotton
74_im_2.png,Cotton,Cotton
1401_im_2.png,Cotton,Cotton
1239_im_2.png,Cotton,Denim
212_im_2.png,Cotton,Cotton
1221_im_2.png,Cotton,Cotton
1493_im_2.png,Cotton,Cotton
1516_im_2.png,Cotton,Cotton
1843_im_2.png,Cotton,Cotton
219_im_2.png,Cotton,Cotton
1245_im_2.png,Cotton,Cotton
1193_im_2.png,Cotton,Cotton
1143_im_2.png,Cotton,Cotton
255_im_2.png,Cotton,Cotton
1746_im_2.png,Cotton,Cotton
1847_im_2.png,Cotton,Cotton
1838_im_2.png,Cotton,Cotton
1181_im_2.png,Cotton,Cotton
1099_im_2.png,Cotton,Blended
1150_im_2.png,Cotton,Blended
691_im_2.png,Cotton,Cotton
187_im_2.png,Cotton,Cotton
122_im_2.png,Cotton,Cotton
346_im_2.png,Cotton,Cotton
1153_im_2.png,Cotton,Cotton
1154_im_2.png,Cotton,Cotton
397_im_2.png,Cotton,Cotton
1184_im_2.png,Cotton,Denim
1124_im_2.png,Cotton,Cotton
1611_im_2.png,Polyester,Cotton
713_im_2.png,Polyester,Cotton
1610_im_2.png,Polyester,Cotton
1592_im_2.png,Polyester,Cotton
1868_im_2.png,Polyester,Cotton
700_im_2.png,Polyester,Blended
525_im_2.png,Polyester,Cotton
1705_im_2.png,Polyester,Cotton
1620_im_2.png,Polyester,Blended
1710_im_2.png,Polyester,Cotton
1856_im_2.png,Polyester,Cotton
1708_im_2.png,Polyester,Cotton
447_im_2.png,Polyester,Cotton
998_im_2.png,Polyester,Cotton
1689_im_2.png,Polyester,Cotton
1916_im_2.png,Polyester,Cotton
705_im_2.png,Polyester,Cotton
62_im_2.png,Polyester,Cotton
1709_im_2.png,Polyester,Cotton
1264_im_2.png,Polyester,Cotton
68_im_2.png,Polyester,Cotton
53_im_2.png,Polyester,Blended
36_im_2.png,Polyester,Cotton
1696_im_2.png,Polyester,Cotton
762_im_2.png,Polyester,Cotton
712_im_2.png,Polyester,Cotton
626_im_2.png,Polyester,Cotton
378_im_2.png,Polyester,Cotton
870_im_2.png,Polyester,Cotton
1617_im_2.png,Polyester,Cotton
1588_im_2.png,Polyester,Cotton
1650_im_2.png,Polyester,Cotton
1619_im_2.png,Polyester,Blended
1706_im_2.png,Polyester,Cotton
871_im_2.png,Polyester,Cotton
1651_im_2.png,Polyester,Cotton
908_im_2.png,Polyester,Blended
681_im_2.png,Polyester,Cotton
758_im_2.png,Polyester,Cotton
703_im_2.png,Polyester,Cotton
1700_im_2.png,Polyester,Cotton
911_im_2.png,Polyester,Cotton
711_im_2.png,Polyester,Cotton
821_im_2.png,Polyester,Cotton
620_im_2.png,Polyester,Blended
621_im_2.png,Polyester,Cotton
581_im_2.png,Polyester,Cotton
1945_im_2.png,Polyester,Cotton
517_im_2.png,Polyester,Cotton
1001_im_2.png,Polyester,Cotton
1855_im_2.png,Polyester,Cotton
1914_im_2.png,Polyester,Cotton
1857_im_2.png,Polyester,Cotton
402_im_2.png,Polyester,Cotton
907_im_2.png,Polyester,Cotton
449_im_2.png,Polyester,Cotton
766_im_2.png,Polyester,Cotton
1866_im_2.png,Polyester,Cotton
1576_im_2.png,Polyester,Cotton
258_im_2.png,Polyester,Cotton
710_im_2.png,Polyester,Cotton
872_im_2.png,Polyester,Cotton
1947_im_2.png,Polyester,Blended
665_im_2.png,Polyester,Cotton
1685_im_2.png,Polyester,Cotton
1704_im_2.png,Polyester,Cotton
619_im_2.png,Polyester,Blended
518_im_2.png,Polyester,Cotton
1858_im_2.png,Polyester,Cotton
1583_im_2.png,Polyester,Cotton
1699_im_2.png,Polyester,Cotton
582_im_2.png,Polyester,Blended
1646_im_2.png,Polyester,Cotton
679_im_2.png,Polyester,Cotton
67_im_2.png,Polyester,Cotton
1702_im_2.png,Polyester,Cotton
110_im_2.png,Polyester,Cotton
256_im_2.png,Polyester,Cotton
88_im_2.png,Polyester,Cotton
906_im_2.png,Polyester,Cotton
513_im_2.png,Polyester,Cotton
1608_im_2.png,Polyester,Cotton
1597_im_2.png,Polyester,Cotton
820_im_2.png,Polyester,Cotton
583_im_2.png,Polyester,Denim
764_im_2.png,Polyester,Cotton
501_im_2.png,Polyester,Blended
709_im_2.png,Polyester,Cotton
1577_im_2.png,Polyester,Cotton
514_im_2.png,Polyester,Cotton
104_im_2.png,Polyester,Cotton
1002_im_2.png,Polyester,Cotton
37_im_2.png,Polyester,Denim
628_im_2.png,Polyester,Denim
771_im_2.png,Polyester,Cotton
502_im_2.png,Polyester,Cotton
627_im_2.png,Polyester,Denim
763_im_2.png,Polyester,Cotton
1687_im_2.png,Polyester,Cotton
1948_im_2.png,Polyester,Cotton
1683_im_2.png,Polyester,Blended
1596_im_2.png,Polyester,Cotton
1589_im_2.png,Polyester,Blended
653_im_2.png,Polyester,Cotton
284_im_2.png,Polyester,Cotton
624_im_2.png,Polyester,Cotton
654_im_2.png,Polyester,Blended
655_im_2.png,Polyester,Blended
1692_im_2.png,Polyester,Cotton
542_im_2.png,Polyester,Cotton
618_im_2.png,Polyester,Denim
1693_im_2.png,Polyester,Cotton
323_im_2.png,Polyester,Cotton
999_im_2.png,Polyester,Cotton
1691_im_2.png,Polyester,Cotton
89_im_2.png,Polyester,Cotton
770_im_2.png,Polyester,Cotton
1593_im_2.png,Polyester,Cotton
1616_im_2.png,Polyester,Cotton
1614_im_2.png,Polyester,Cotton
257_im_2.png,Polyester,Cotton
1453_im_2.png,Polyester,Cotton
669_im_2.png,Polyester,Cotton
1594_im_2.png,Polyester,Cotton
910_im_2.png,Polyester,Blended
1595_im_2.png,Polyester,Cotton
767_im_2.png,Polyester,Cotton
617_im_2.png,Polyester,Cotton
753_im_2.png,Polyester,Cotton
448_im_2.png,Polyester,Cotton
1605_im_2.png,Polyester,Cotton
512_im_2.png,Polyester,Cotton
519_im_2.png,Polyester,Cotton
1684_im_2.png,Polyester,Cotton
543_im_2.png,Polyester,Cotton
1606_im_2.png,Polyester,Cotton
760_im_2.png,Polyester,Cotton
666_im_2.png,Polyester,Cotton
1682_im_2.png,Polyester,Cotton
757_im_2.png,Polyester,Cotton
103_im_2.png,Polyester,Cotton
707_im_2.png,Polyester,Cotton
704_im_2.png,Polyester,Cotton
1618_im_2.png,Polyester,Cotton
1695_im_2.png,Polyester,Cotton
1946_im_2.png,Polyester,Cotton
625_im_2.png,Polyester,Denim
869_im_2.png,Polyester,Blended
1912_im_2.png,Polyester,Cotton
285_im_2.png,Polyester,Cotton
756_im_2.png,Polyester,Cotton
109_im_2.png,Polyester,Cotton
511_im_2.png,Polyester,Cotton
1915_im_2.png,Polyester,Cotton
903_im_2.png,Polyester,Cotton
1652_im_2.png,Polyester,Cotton
759_im_2.png,Polyester,Cotton
1581_im_2.png,Polyester,Cotton
1003_im_2.png,Polyester,Cotton
401_im_2.png,Polyester,Cotton
1867_im_2.png,Polyester,Cotton
1607_im_2.png,Polyester,Cotton
708_im_2.png,Polyester,Cotton
629_im_2.png,Polyester,Blended
680_im_2.png,Polyester,Cotton
1649_im_2.png,Polyester,Cotton
772_im_2.png,Polyester,Cotton
1645_im_2.png,Polyester,Cotton
1690_im_2.png,Polyester,Cotton
1615_im_2.png,Polyester,Cotton
1586_im_2.png,Polyester,Cotton
1612_im_2.png,Polyester,Cotton
715_im_2.png,Polyester,Cotton
905_im_2.png,Polyester,Cotton
1263_im_2.png,Polyester,Cotton
1711_im_2.png,Polyester,Cotton
64_im_2.png,Polyester,Cotton
1952_im_2.png,Polyester,Cotton
1000_im_2.png,Polyester,Cotton
458_im_2.png,Polyester,Cotton
1609_im_2.png,Polyester,Cotton
1712_im_2.png,Polyester,Cotton
1587_im_2.png,Polyester,Cotton
1613_im_2.png,Polyester,Cotton
1869_im_2.png,Polyester,Cotton
1454_im_2.png,Polyester,Cotton
702_im_2.png,Polyester,Blended
450_im_2.png,Polyester,Cotton
765_im_2.png,Polyester,Cotton
1688_im_2.png,Polyester,Cotton
1681_im_2.png,Polyester,Cotton
524_im_2.png,Polyester,Cotton
1653_im_2.png,Polyester,Cotton
682_im_2.png,Polyester,Cotton
1582_im_2.png,Polyester,Cotton
1917_im_2.png,Polyester,Cotton
904_im_2.png,Polyester,Cotton
755_im_2.png,Polyester,Cotton
761_im_2.png,Polyester,Cotton
769_im_2.png,Polyester,Cotton
1703_im_2.png,Polyester,Cotton
622_im_2.png,Polyester,Cotton
768_im_2.png,Polyester,Cotton
1580_im_2.png,Polyester,Cotton
459_im_2.png,Polyester,Cotton
1913_im_2.png,Polyester,Cotton
1686_im_2.png,Polyester,Cotton
685_im_2.png,Polyester,Cotton
1865_im_2.png,Polyester,Cotton
714_im_2.png,Polyester,Cotton
623_im_2.png,Polyester,Cotton
322_im_2.png,Polyester,Cotton
56_im_2.png,Polyester,Blended
1701_im_2.png,Polyester,Cotton
1707_im_2.png,Polyester,Cotton
773_im_2.png,Polyester,Cotton
670_im_2.png,Polyester,Cotton
63_im_2.png,Polyester,Cotton
1694_im_2.png,Polyester,Cotton
686_im_2.png,Polyester,Cotton
706_im_2.png,Polyester,Cotton
377_im_2.png,Polyester,Cotton
1951_im_2.png,Polyester,Cotton
701_im_2.png,Polyester,Cotton
909_im_2.png,Polyester,Blended
1918_im_2.png,Polyester,Cotton
57_im_2.png,Wool,Denim
973_im_2.png,Wool,Cotton
988_im_2.png,Wool,Blended
23_im_2.png,Wool,Cotton
504_im_2.png,Wool,Blended
60_im_2.png,Wool,Cotton
1419_im_2.png,Wool,Blended
826_im_2.png,Wool,Cotton
662_im_2.png,Wool,Cotton
979_im_2.png,Wool,Cotton
33_im_2.png,Wool,Blended
970_im_2.png,Wool,Cotton
337_im_2.png,Wool,Cotton
1437_im_2.png,Wool,Denim
1434_im_2.png,Wool,Denim
983_im_2.png,Wool,Cotton
968_im_2.png,Wool,Blended
811_im_2.png,Wool,Blended
1433_im_2.png,Wool,Denim
971_im_2.png,Wool,Cotton
1438_im_2.png,Wool,Denim
34_im_2.png,Wool,Blended
1407_im_2.png,Wool,Cotton
1432_im_2.png,Wool,Denim
808_im_2.png,Wool,Cotton
1422_im_2.png,Wool,Cotton
969_im_2.png,Wool,Cotton
444_im_2.png,Wool,Cotton
357_im_2.png,Wool,Cotton
503_im_2.png,Wool,Blended
336_im_2.png,Wool,Cotton
825_im_2.png,Wool,Cotton
1410_im_2.png,Wool,Denim
7_im_2.png,Wool,Cotton
1421_im_2.png,Wool,Blended
381_im_2.png,Wool,Blended
972_im_2.png,Wool,Cotton
1428_im_2.png,Wool,Cotton
809_im_2.png,Wool,Cotton
1436_im_2.png,Wool,Cotton
981_im_2.png,Wool,Cotton
1423_im_2.png,Wool,Cotton
1430_im_2.png,Wool,Denim
526_im_2.png,Wool,Blended
1409_im_2.png,Wool,Denim
1425_im_2.png,Wool,Denim
359_im_2.png,Wool,Blended
1406_im_2.png,Wool,Blended
1439_im_2.png,Wool,Denim
817_im_2.png,Wool,Cotton
984_im_2.png,Wool,Cotton
986_im_2.png,Wool,Cotton
980_im_2.png,Wool,Cotton
355_im_2.png,Wool,Cotton
985_im_2.png,Wool,Cotton
59_im_2.png,Wool,Cotton
1414_im_2.png,Wool,Denim
446_im_2.png,Wool,Cotton
1435_im_2.png,Wool,Cotton
358_im_2.png,Wool,Cotton
1431_im_2.png,Wool,Denim
35_im_2.png,Wool,Blended
1408_im_2.png,Wool,Cotton
1413_im_2.png,Wool,Cotton
1420_im_2.png,Wool,Cotton
1405_im_2.png,Wool,Denim
1411_im_2.png,Wool,Denim
661_im_2.png,Wool,Cotton
660_im_2.png,Wool,Cotton
338_im_2.png,Wool,Blended
1418_im_2.png,Wool,Denim
1412_im_2.png,Wool,Cotton
818_im_2.png,Wool,Cotton
1424_im_2.png,Wool,Denim
1415_im_2.png,Wool,Cotton
1404_im_2.png,Wool,Denim
1426_im_2.png,Wool,Cotton
987_im_2.png,Wool,Cotton
967_im_2.png,Wool,Cotton
1429_im_2.png,Wool,Cotton
22_im_2.png,Wool,Cotton
1403_im_2.png,Wool,Denim
382_im_2.png,Wool,Blended
1440_im_2.png,Wool,Denim
1427_im_2.png,Wool,Cotton
356_im_2.png,Wool,Cotton
445_im_2.png,Wool,Cotton
982_im_2.png,Wool,Cotton
373_im_2.png,Wool,Cotton
372_im_2.png,Wool,Blended
1029_im_2.png,Crepe,Cotton
927_im_2.png,Crepe,Cotton
943_im_2.png,Crepe,Blended
998_im_2.png,Crepe,Cotton
1028_im_2.png,Crepe,Cotton
947_im_2.png,Crepe,Denim
1033_im_2.png,Crepe,Cotton
1001_im_2.png,Crepe,Cotton
929_im_2.png,Crepe,Cotton
946_im_2.png,Crepe,Blended
944_im_2.png,Crepe,Blended
950_im_2.png,Crepe,Denim
1002_im_2.png,Crepe,Cotton
999_im_2.png,Crepe,Cotton
1031_im_2.png,Crepe,Cotton
1032_im_2.png,Crepe,Cotton
949_im_2.png,Crepe,Cotton
1003_im_2.png,Crepe,Cotton
945_im_2.png,Crepe,Cotton
1000_im_2.png,Crepe,Cotton
926_im_2.png,Crepe,Cotton
928_im_2.png,Crepe,Cotton
1030_im_2.png,Crepe,Cotton
951_im_2.png,Crepe,Denim
952_im_2.png,Crepe,Cotton
948_im_2.png,Crepe,Cotton
894_im_2.png,Blended,Blended
1636_im_2.png,Blended,Cotton
1174_im_2.png,Blended,Cotton
1784_im_2.png,Blended,Cotton
1854_im_2.png,Blended,Cotton
1572_im_2.png,Blended,Cotton
1926_im_2.png,Blended,Cotton
656_im_2.png,Blended,Cotton
274_im_2.png,Blended,Cotton
934_im_2.png,Blended,Cotton
500_im_2.png,Blended,Cotton
1187_im_2.png,Blended,Cotton
550_im_2.png,Blended,Cotton
412_im_2.png,Blended,Cotton
1845_im_2.png,Blended,Cotton
1546_im_2.png,Blended,Cotton
94_im_2.png,Blended,Cotton
1455_im_2.png,Blended,Cotton
1178_im_2.png,Blended,Cotton
1826_im_2.png,Blended,Cotton
1466_im_2.png,Blended,Cotton
591_im_2.png,Blended,Denim
1590_im_2.png,Blended,Cotton
1949_im_2.png,Blended,Cotton
1269_im_2.png,Blended,Cotton
369_im_2.png,Blended,Blended
881_im_2.png,Blended,Blended
1088_im_2.png,Blended,Cotton
1892_im_2.png,Blended,Cotton
1632_im_2.png,Blended,Cotton
960_im_2.png,Blended,Blended
557_im_2.png,Blended,Cotton
1895_im_2.png,Blended,Cotton
1924_im_2.png,Blended,Cotton
1626_im_2.png,Blended,Cotton
1257_im_2.png,Blended,Cotton
873_im_2.png,Blended,Cotton
993_im_2.png,Blended,Blended
877_im_2.png,Blended,Cotton
1549_im_2.png,Blended,Cotton
1267_im_2.png,Blended,Cotton
1599_im_2.png,Blended,Cotton
593_im_2.png,Blended,Denim
594_im_2.png,Blended,Denim
1258_im_2.png,Blended,Cotton
1630_im_2.png,Blended,Cotton
354_im_2.png,Blended,Denim
316_im_2.png,Blended,Cotton
1092_im_2.png,Blended,Denim
473_im_2.png,Blended,Cotton
292_im_2.png,Blended,Cotton
1370_im_2.png,Blended,Denim
880_im_2.png,Blended,Blended
882_im_2.png,Blended,Cotton
1741_im_2.png,Blended,Cotton
193_im_2.png,Blended,Cotton
352_im_2.png,Blended,Cotton
876_im_2.png,Blended,Cotton
1643_im_2.png,Blended,Cotton
883_im_2.png,Blended,Cotton
1570_im_2.png,Blended,Cotton
1837_im_2.png,Blended,Cotton
1603_im_2.png,Blended,Cotton
370_im_2.png,Blended,Blended
559_im_2.png,Blended,Cotton
1639_im_2.png,Blended,Cotton
1621_im_2.png,Blended,Cotton
1641_im_2.png,Blended,Cotton
957_im_2.png,Blended,Blended
1038_im_2.png,Blended,Cotton
933_im_2.png,Blended,Cotton
1664_im_2.png,Blended,Cotton
956_im_2.png,Blended,Cotton
596_im_2.png,Blended,Denim
1568_im_2.png,Blended,Cotton
558_im_2.png,Blended,Denim
367_im_2.png,Blended,Blended
958_im_2.png,Blended,Blended
1787_im_2.png,Blended,Cotton
1698_im_2.png,Blended,Cotton
1367_im_2.png,Blended,Cotton
276_im_2.png,Blended,Cotton
674_im_2.png,Blended,Cotton
1268_im_2.png,Blended,Cotton
1598_im_2.png,Blended,Cotton
1113_im_2.png,Blended,Cotton
371_im_2.png,Blended,Blended
991_im_2.png,Blended,Cotton
108_im_2.png,Blended,Denim
55_im_2.png,Blended,Cotton
1578_im_2.png,Blended,Cotton
963_im_2.png,Blended,Blended
657_im_2.png,Blended,Cotton
875_im_2.png,Blended,Cotton
588_im_2.png,Blended,Denim
499_im_2.png,Blended,Blended
133_im_2.png,Blended,Cotton
1456_im_2.png,Blended,Cotton
497_im_2.png,Blended,Blended
82_im_2.png,Blended,Cotton
684_im_2.png,Blended,Cotton
95_im_2.png,Blended,Cotton
1039_im_2.png,Blended,Cotton
555_im_2.png,Blended,Cotton
1566_im_2.png,Blended,Cotton
589_im_2.png,Blended,Denim
889_im_2.png,Blended,Blended
1090_im_2.png,Blended,Cotton
304_im_2.png,Blended,Cotton
1640_im_2.png,Blended,Cotton
671_im_2.png,Blended,Cotton
288_im_2.png,Blended,Cotton
1678_im_2.png,Blended,Cotton
289_im_2.png,Blended,Cotton
117_im_2.png,Blended,Blended
362_im_2.png,Blended,Cotton
333_im_2.png,Blended,Cotton
1265_im_2.png,Blended,Cotton
1665_im_2.png,Blended,Cotton
930_im_2.png,Blended,Cotton
921_im_2.png,Blended,Cotton
667_im_2.png,Blended,Cotton
918_im_2.png,Blended,Blended
1175_im_2.png,Blended,Cotton
1648_im_2.png,Blended,Cotton
366_im_2.png,Blended,Blended
592_im_2.png,Blended,Denim
202_im_2.png,Blended,Cotton
1565_im_2.png,Blended,Blended
127_im_2.png,Blended,Cotton
1929_im_2.png,Blended,Cotton
553_im_2.png,Blended,Cotton
1631_im_2.png,Blended,Cotton
353_im_2.png,Blended,Denim
576_im_2.png,Blended,Cotton
1591_im_2.png,Blended,Cotton
922_im_2.png,Blended,Cotton
1930_im_2.png,Blended,Cotton
940_im_2.png,Blended,Cotton
1923_im_2.png,Blended,Cotton
1676_im_2.png,Blended,Cotton
920_im_2.png,Blended,Blended
1096_im_2.png,Blended,Cotton
1925_im_2.png,Blended,Cotton
221_im_2.png,Blended,Cotton
595_im_2.png,Blended,Denim
135_im_2.png,Blended,Cotton
1103_im_2.png,Blended,Denim
554_im_2.png,Blended,Cotton
411_im_2.png,Blended,Cotton
1529_im_2.png,Blended,Cotton
891_im_2.png,Blended,Blended
676_im_2.png,Blended,Cotton
888_im_2.png,Blended,Blended
203_im_2.png,Blended,Cotton
1091_im_2.png,Blended,Cotton
364_im_2.png,Blended,Cotton
1544_im_2.png,Blended,Cotton
1954_im_2.png,Blended,Cotton
544_im_2.png,Blended,Cotton
1781_im_2.png,Blended,Cotton
1828_im_2.png,Blended,Cotton
1189_im_2.png,Blended,Cotton
1813_im_2.png,Blended,Cotton
955_im_2.png,Blended,Cotton
1585_im_2.png,Blended,Cotton
363_im_2.png,Blended,Cotton
677_im_2.png,Blended,Cotton
1786_im_2.png,Blended,Cotton
1560_im_2.png,Blended,Cotton
332_im_2.png,Blended,Cotton
1545_im_2.png,Blended,Cotton
1824_im_2.png,Blended,Cotton
587_im_2.png,Blended,Denim
1810_im_2.png,Blended,Cotton
293_im_2.png,Blended,Cotton
1106_im_2.png,Blended,Denim
93_im_2.png,Blended,Cotton
1728_im_2.png,Blended,Cotton
1623_im_2.png,Blended,Cotton
886_im_2.png,Blended,Cotton
305_im_2.png,Blended,Cotton
1674_im_2.png,Blended,Cotton
599_im_2.png,Blended,Denim
1782_im_2.png,Blended,Cotton
339_im_2.png,Blended,Cotton
1209_im_2.png,Blended,Cotton
1955_im_2.png,Blended,Cotton
6_im_2.png,Blended,Cotton
917_im_2.png,Blended,Cotton
936_im_2.png,Blended,Cotton
1893_im_2.png,Blended,Cotton
584_im_2.png,Blended,Denim
310_im_2.png,Blended,Cotton
535_im_2.png,Blended,Denim
937_im_2.png,Blended,Cotton
545_im_2.png,Blended,Cotton
932_im_2.png,Blended,Cotton
598_im_2.png,Blended,Denim
1558_im_2.png,Blended,Cotton
546_im_2.png,Blended,Cotton
1644_im_2.png,Blended,Cotton
1635_im_2.png,Blended,Cotton
1836_im_2.png,Blended,Cotton
938_im_2.png,Blended,Cotton
1602_im_2.png,Blended,Cotton
92_im_2.png,Blended,Cotton
923_im_2.png,Blended,Cotton
1859_im_2.png,Blended,Cotton
1841_im_2.png,Blended,Cotton
1132_im_2.png,Blended,Cotton
1604_im_2.png,Blended,Cotton
1928_im_2.png,Blended,Cotton
1956_im_2.png,Blended,Cotton
1788_im_2.png,Blended,Cotton
1104_im_2.png,Blended,Denim
1624_im_2.png,Blended,Cotton
1089_im_2.png,Blended,Blended
1567_im_2.png,Blended,Blended
959_im_2.png,Blended,Cotton
521_im_2.png,Blended,Blended
887_im_2.png,Blended,Blended
1094_im_2.png,Blended,Cotton
1953_im_2.png,Blended,Cotton
1727_im_2.png,Blended,Cotton
1663_im_2.png,Blended,Cotton
1131_im_2.png,Blended,Cotton
939_im_2.png,Blended,Cotton
1130_im_2.png,Blended,Cotton
885_im_2.png,Blended,Cotton
962_im_2.png,Blended,Blended
1534_im_2.png,Blended,Cotton
510_im_2.png,Blended,Cotton
351_im_2.png,Blended,Cotton
1927_im_2.png,Blended,Cotton
1543_im_2.png,Blended,Cotton
1535_im_2.png,Blended,Cotton
308_im_2.png,Blended,Cotton
393_im_2.png,Blended,Cotton
307_im_2.png,Blended,Cotton
275_im_2.png,Blended,Cotton
597_im_2.png,Blended,Denim
1647_im_2.png,Blended,Cotton
410_im_2.png,Blended,Blended
192_im_2.png,Blended,Cotton
1368_im_2.png,Blended,Cotton
580_im_2.png,Blended,Cotton
1812_im_2.png,Blended,Cotton
96_im_2.png,Blended,Cotton
365_im_2.png,Blended,Cotton
1579_im_2.png,Blended,Cotton
1034_im_2.png,Blended,Denim
1266_im_2.png,Blended,Cotton
664_im_2.png,Blended,Cotton
990_im_2.png,Blended,Cotton
536_im_2.png,Blended,Blended
242_im_2.png,Blended,Denim
1846_im_2.png,Blended,Cotton
1820_im_2.png,Blended,Cotton
673_im_2.png,Blended,Cotton
1584_im_2.png,Blended,Cotton
315_im_2.png,Blended,Cotton
79_im_2.png,Blended,Cotton
1177_im_2.png,Blended,Cotton
1853_im_2.png,Blended,Cotton
924_im_2.png,Blended,Blended
350_im_2.png,Blended,Cotton
534_im_2.png,Blended,Denim
1628_im_2.png,Blended,Cotton
672_im_2.png,Blended,Cotton
1950_im_2.png,Blended,Cotton
575_im_2.png,Blended,Blended
115_im_2.png,Blended,Blended
1573_im_2.png,Blended,Cotton
1776_im_2.png,Blended,Cotton
1622_im_2.png,Blended,Cotton
1672_im_2.png,Blended,Cotton
165_im_2.png,Blended,Cotton
1811_im_2.png,Blended,Cotton
1633_im_2.png,Blended,Cotton
134_im_2.png,Blended,Cotton
61_im_2.png,Blended,Blended
533_im_2.png,Blended,Cotton
989_im_2.png,Blended,Cotton
874_im_2.png,Blended,Cotton
1208_im_2.png,Blended,Cotton
1035_im_2.png,Blended,Cotton
1829_im_2.png,Blended,Cotton
1666_im_2.png,Blended,Cotton
1102_im_2.png,Blended,Denim
309_im_2.png,Blended,Cotton
961_im_2.png,Blended,Blended
14_im_2.png,Blended,Cotton
1536_im_2.png,Blended,Cotton
577_im_2.png,Blended,Cotton
392_im_2.png,Blended,Cotton
1115_im_2.png,Blended,Cotton
1548_im_2.png,Blended,Cotton
549_im_2.png,Blended,Denim
1625_im_2.png,Blended,Cotton
1785_im_2.png,Blended,Cotton
126_im_2.png,Blended,Cotton
311_im_2.png,Blended,Cotton
1629_im_2.png,Blended,Cotton
1036_im_2.png,Blended,Cotton
1186_im_2.png,Blended,Cotton
1540_im_2.png,Blended,Cotton
931_im_2.png,Blended,Denim
1133_im_2.png,Blended,Cotton
1823_im_2.png,Blended,Cotton
368_im_2.png,Blended,Blended
585_im_2.png,Blended,Cotton
1726_im_2.png,Blended,Cotton
1634_im_2.png,Blended,Cotton
556_im_2.png,Blended,Cotton
590_im_2.png,Blended,Denim
678_im_2.png,Blended,Cotton
1537_im_2.png,Blended,Denim
1637_im_2.png,Blended,Cotton
1417_im_2.png,Blended,Cotton
297_im_2.png,Blended,Cotton
1890_im_2.png,Blended,Cotton
1569_im_2.png,Blended,Cotton
166_im_2.png,Blended,Cotton
893_im_2.png,Blended,Blended
1675_im_2.png,Blended,Cotton
892_im_2.png,Blended,Blended
1098_im_2.png,Blended,Cotton
1697_im_2.png,Blended,Cotton
552_im_2.png,Blended,Denim
1842_im_2.png,Blended,Cotton
551_im_2.png,Blended,Denim
107_im_2.png,Blended,Denim
1777_im_2.png,Blended,Cotton
942_im_2.png,Blended,Cotton
953_im_2.png,Blended,Cotton
317_im_2.png,Blended,Cotton
306_im_2.png,Blended,Cotton
1093_im_2.png,Blended,Denim
668_im_2.png,Blended,Cotton
1547_im_2.png,Blended,Cotton
890_im_2.png,Blended,Blended
878_im_2.png,Blended,Blended
1111_im_2.png,Blended,Denim
314_im_2.png,Blended,Cotton
663_im_2.png,Blended,Cotton
1095_im_2.png,Blended,Denim
1642_im_2.png,Blended,Cotton
1827_im_2.png,Blended,Cotton
509_im_2.png,Blended,Cotton
1550_im_2.png,Blended,Cotton
1825_im_2.png,Blended,Cotton
1542_im_2.png,Blended,Cotton
1097_im_2.png,Blended,Cotton
916_im_2.png,Blended,Cotton
992_im_2.png,Blended,Cotton
1531_im_2.png,Blended,Cotton
1922_im_2.png,Blended,Denim
1667_im_2.png,Blended,Cotton
1638_im_2.png,Blended,Cotton
548_im_2.png,Blended,Denim
1416_im_2.png,Blended,Blended
1465_im_2.png,Blended,Cotton
58_im_2.png,Blended,Cotton
1530_im_2.png,Blended,Cotton
1822_im_2.png,Blended,Cotton
13_im_2.png,Blended,Blended
1742_im_2.png,Blended,Cotton
1105_im_2.png,Blended,Denim
1112_im_2.png,Blended,Denim
941_im_2.png,Blended,Cotton
520_im_2.png,Blended,Cotton
472_im_2.png,Blended,Cotton
1541_im_2.png,Blended,Cotton
954_im_2.png,Blended,Blended
925_im_2.png,Blended,Cotton
675_im_2.png,Blended,Cotton
1891_im_2.png,Blended,Cotton
1173_im_2.png,Blended,Cotton
1894_im_2.png,Blended,Cotton
1114_im_2.png,Blended,Denim
578_im_2.png,Blended,Blended
1783_im_2.png,Blended,Cotton
1627_im_2.png,Blended,Cotton
241_im_2.png,Blended,Denim
1369_im_2.png,Blended,Denim
1037_im_2.png,Blended,Cotton
579_im_2.png,Blended,Blended
1571_im_2.png,Blended,Cotton
1677_im_2.png,Blended,Cotton
1921_im_2.png,Blended,Cotton
498_im_2.png,Blended,Blended
1457_im_2.png,Blended,Blended
1821_im_2.png,Blended,Cotton
340_im_2.png,Blended,Cotton
1116_im_2.png,Blended,Cotton
1860_im_2.png,Blended,Cotton
1176_im_2.png,Blended,Cotton
586_im_2.png,Blended,Cotton
683_im_2.png,Blended,Cotton
81_im_2.png,Blended,Cotton
80_im_2.png,Blended,Blended
1673_im_2.png,Blended,Cotton
222_im_2.png,Blended,Cotton
547_im_2.png,Blended,Denim
919_im_2.png,Blended,Blended
884_im_2.png,Blended,Cotton
116_im_2.png,Blended,Cotton
935_im_2.png,Blended,Cotton
879_im_2.png,Blended,Blended
1559_im_2.png,Blended,Cotton
119_im_2.png,Viscose,Cotton
91_im_2.png,Viscose,Cotton
156_im_2.png,Viscose,Cotton
186_im_2.png,Viscose,Cotton
90_im_2.png,Viscose,Cotton
155_im_2.png,Viscose,Cotton
171_im_2.png,Viscose,Cotton
42_im_2.png,Viscose,Cotton
137_im_2.png,Viscose,Cotton
208_im_2.png,Viscose,Cotton
47_im_2.png,Viscose,Denim
200_im_2.png,Viscose,Cotton
280_im_2.png,Viscose,Cotton
199_im_2.png,Viscose,Cotton
196_im_2.png,Viscose,Cotton
281_im_2.png,Viscose,Cotton
97_im_2.png,Viscose,Blended
207_im_2.png,Viscose,Cotton
136_im_2.png,Viscose,Cotton
158_im_2.png,Viscose,Cotton
172_im_2.png,Viscose,Cotton
48_im_2.png,Viscose,Cotton
197_im_2.png,Viscose,Cotton
191_im_2.png,Viscose,Cotton
189_im_2.png,Viscose,Cotton
46_im_2.png,Viscose,Cotton
185_im_2.png,Viscose,Cotton
26_im_2.png,Viscose,Cotton
201_im_2.png,Viscose,Cotton
819_im_2.png,Viscose,Denim
190_im_2.png,Viscose,Cotton
98_im_2.png,Viscose,Cotton
198_im_2.png,Viscose,Cotton
279_im_2.png,Viscose,Cotton
54_im_2.png,Viscose,Cotton
157_im_2.png,Viscose,Cotton
118_im_2.png,Viscose,Cotton
863_im_2.png,Chenille,Blended
853_im_2.png,Chenille,Cotton
862_im_2.png,Chenille,Cotton
855_im_2.png,Chenille,Cotton
856_im_2.png,Chenille,Blended
852_im_2.png,Chenille,Cotton
860_im_2.png,Chenille,Denim
857_im_2.png,Chenille,Cotton
858_im_2.png,Chenille,Cotton
864_im_2.png,Chenille,Cotton
861_im_2.png,Chenille,Denim
854_im_2.png,Chenille,Cotton
859_im_2.png,Chenille,Cotton
