product_id,embedding_vector,material,carbon_score,water_score,waste_score,impact_score,risk_level,explanation
1,[0.04052219 0.         0.00231546 ... 0.00126552 0.01024834 0.62678033],linen,2,3,2,2.3333333333333335,Low,Low environmental impact
2,[0.02908803 0.         0.         ... 0.         0.         0.02684177],wool,6,5,3,4.666666666666667,Medium,Low environmental impact
3,[0.02207913 0.00992709 0.         ... 0.00119458 0.         0.        ],polyester,9,3,8,6.666666666666667,High,"Risk because high carbon footprint, high textile waste"
4,[0.02143995 0.         0.12881252 ... 0.         0.         0.03680702],cotton,7,9,5,7.0,High,Risk because high water consumption
5,[0.         0.07636195 0.         ... 0.         0.         0.        ],cotton,7,9,5,7.0,High,Risk because high water consumption
6,[0.         0.         0.00028771 ... 0.         0.05255403 0.        ],polyester,9,3,8,6.666666666666667,High,"Risk because high carbon footprint, high textile waste"
7,[0.         0.         0.         ... 0.         0.         0.00547392],wool,6,5,3,4.666666666666667,Medium,Low environmental impact
8,[0.03815819 0.01891943 0.03888393 ... 0.0122238  0.11164302 0.19361475],cotton,7,9,5,7.0,High,Risk because high water consumption
9,[0.09021915 0.         0.         ... 0.         0.         0.        ],wool,6,5,3,4.666666666666667,Medium,Low environmental impact
10,[0.464865 0.       0.       ... 0.       0.       0.      ],cotton,7,9,5,7.0,High,Risk because high water consumption
11,[0.00743756 0.         0.01769068 ... 0.00591446 0.         0.        ],cotton,7,9,5,7.0,High,Risk because high water consumption
12,[0.         0.         0.         ... 0.00661756 0.         0.01821466],polyester,9,3,8,6.666666666666667,High,"Risk because high carbon footprint, high textile waste"
13,[0.         0.         0.04862168 ... 0.01830992 0.07942538 0.04269891],polyester,9,3,8,6.666666666666667,High,"Risk because high carbon footprint, high textile waste"
14,[0. 0. 0. ... 0. 0. 0.],linen,2,3,2,2.3333333333333335,Low,Low environmental impact
15,[0.         0.         0.02723195 ... 0.04903347 0.         0.        ],silk,5,5,4,4.666666666666667,Medium,Low environmental impact
16,[0.01987015 0.         0.         ... 0.03386086 0.         0.        ],polyester,9,3,8,6.666666666666667,High,"Risk because high carbon footprint, high textile waste"
17,[0. 0. 0. ... 0. 0. 0.],cotton,7,9,5,7.0,High,Risk because high water consumption
18,[0.0200959  0.01874436 0.         ... 0.03517266 0.         0.        ],silk,5,5,4,4.666666666666667,Medium,Low environmental impact
19,[0.         0.         0.         ... 0.         0.         0.06178696],silk,5,5,4,4.666666666666667,Medium,Low environmental impact
20,[0.03516655 0.         0.00835911 ... 0.09575803 0.         0.        ],cotton,7,9,5,7.0,High,Risk because high water consumption
21,[0.         0.         0.         ... 0.03174706 0.         0.04045513],wool,6,5,3,4.666666666666667,Medium,Low environmental impact
22,[0.09224056 0.         0.10991354 ... 0.00513876 0.         0.        ],wool,6,5,3,4.666666666666667,Medium,Low environmental impact
23,[0.         0.         0.0156549  ... 0.         0.         0.05742294],silk,5,5,4,4.666666666666667,Medium,Low environmental impact
24,[0.05363248 0.         0.0727515  ... 0.06895431 0.         0.        ],cotton,7,9,5,7.0,High,Risk because high water consumption
25,[0.         0.         0.         ... 0.02357176 0.         0.        ],wool,6,5,3,4.666666666666667,Medium,Low environmental impact
26,[0.01538769 0.05001238 0.         ... 0.         0.         0.10230821],polyester,9,3,8,6.666666666666667,High,"Risk because high carbon footprint, high textile waste"
27,[0.23240043 0.         0.         ... 0.00362142 0.         0.04826252],cotton,7,9,5,7.0,High,Risk because high water consumption
28,[0.         0.         0.         ... 0.         0.         0.01012072],polyester,9,3,8,6.666666666666667,High,"Risk because high carbon footprint, high textile waste"
29,[0. 0. 0. ... 0. 0. 0.],silk,5,5,4,4.666666666666667,Medium,Low environmental impact
30,[0.02908056 0.         0.         ... 0.02735118 0.         0.        ],silk,5,5,4,4.666666666666667,Medium,Low environmental impact
31,[0.0237981  0.         0.00580151 ... 0.         0.         0.        ],polyester,9,3,8,6.666666666666667,High,"Risk because high carbon footprint, high textile waste"
32,[0.         0.         0.         ... 0.00379475 0.         0.        ],wool,6,5,3,4.666666666666667,Medium,Low environmental impact
33,[0.         0.         0.01133101 ... 0.         0.         0.        ],polyester,9,3,8,6.666666666666667,High,"Risk because high carbon footprint, high textile waste"
34,[0.         0.         0.         ... 0.05659021 0.02493514 0.        ],cotton,7,9,5,7.0,High,Risk because high water consumption
35,[0.         0.         0.         ... 0.00142133 0.05096512 0.00174874],linen,2,3,2,2.3333333333333335,Low,Low environmental impact
36,[0.         0.         0.02374226 ... 0.04271321 0.         0.09338612],wool,6,5,3,4.666666666666667,Medium,Low environmental impact
37,[0.         0.02613843 0.02783511 ... 0.04955321 0.         0.        ],silk,5,5,4,4.666666666666667,Medium,Low environmental impact
38,[0.00392866 0.00868168 0.         ... 0.         0.         0.        ],silk,5,5,4,4.666666666666667,Medium,Low environmental impact
39,[0.03038121 0.         0.01249322 ... 0.         0.         0.        ],polyester,9,3,8,6.666666666666667,High,"Risk because high carbon footprint, high textile waste"
40,[0.         0.         0.01997576 ... 0.         0.         0.        ],linen,2,3,2,2.3333333333333335,Low,Low environmental impact
41,[0.05579756 0.         0.41121277 ... 0.03875956 0.00978403 0.        ],wool,6,5,3,4.666666666666667,Medium,Low environmental impact
42,[0.0098081  0.         0.19446944 ... 0.0074807  0.07517138 0.01701412],linen,2,3,2,2.3333333333333335,Low,Low environmental impact
43,[0.         0.         0.         ... 0.         0.03967955 0.02250751],polyester,9,3,8,6.666666666666667,High,"Risk because high carbon footprint, high textile waste"
44,[0.         0.         0.07648558 ... 0.         0.         0.00693379],polyester,9,3,8,6.666666666666667,High,"Risk because high carbon footprint, high textile waste"
45,[0.0502716  0.00357859 0.         ... 0.         0.         0.01921621],cotton,7,9,5,7.0,High,Risk because high water consumption
46,[0.         0.         0.08162941 ... 0.0137514  0.         0.03162966],cotton,7,9,5,7.0,High,Risk because high water consumption
47,[0.         0.         0.         ... 0.         0.18401012 0.        ],linen,2,3,2,2.3333333333333335,Low,Low environmental impact
48,[0.03838175 0.         0.         ... 0.01193356 0.00706053 0.        ],linen,2,3,2,2.3333333333333335,Low,Low environmental impact
49,[0.         0.         0.18159239 ... 0.         0.0945528  0.        ],polyester,9,3,8,6.666666666666667,High,"Risk because high carbon footprint, high textile waste"
50,[0.         0.         0.         ... 0.         0.0200858  0.03592106],silk,5,5,4,4.666666666666667,Medium,Low environmental impact
51,[0.04027654 0.         0.         ... 0.32198179 0.         0.05346572],cotton,7,9,5,7.0,High,Risk because high water consumption
52,[0.        0.        0.0025387 ... 0.        0.        0.       ],polyester,9,3,8,6.666666666666667,High,"Risk because high carbon footprint, high textile waste"
53,[0.         0.         0.         ... 0.01092205 0.0020122  0.        ],silk,5,5,4,4.666666666666667,Medium,Low environmental impact
54,[0.15631156 0.00379042 0.02703595 ... 0.06329844 0.         0.00030385],cotton,7,9,5,7.0,High,Risk because high water consumption
55,[0.         0.00877631 0.         ... 0.         0.         0.        ],silk,5,5,4,4.666666666666667,Medium,Low environmental impact
56,[0.         0.         0.02446331 ... 0.00010091 0.         0.        ],linen,2,3,2,2.3333333333333335,Low,Low environmental impact
57,[0.016783 0.       0.       ... 0.       0.       0.      ],cotton,7,9,5,7.0,High,Risk because high water consumption
58,[0.29651341 0.         0.0680531  ... 0.00769481 0.         0.05204987],cotton,7,9,5,7.0,High,Risk because high water consumption
59,[0.02636799 0.         0.         ... 0.01329542 0.05012457 0.08542449],wool,6,5,3,4.666666666666667,Medium,Low environmental impact
60,[0.         0.         0.17428233 ... 0.         0.         0.03829404],silk,5,5,4,4.666666666666667,Medium,Low environmental impact
61,[0.13006784 0.         0.         ... 0.         0.         0.00061129],wool,6,5,3,4.666666666666667,Medium,Low environmental impact
62,[0.         0.         0.00761283 ... 0.04293928 0.         0.        ],linen,2,3,2,2.3333333333333335,Low,Low environmental impact
63,[0.00200536 0.         0.27163419 ... 0.         0.         0.00419227],cotton,7,9,5,7.0,High,Risk because high water consumption
64,[0.         0.         0.         ... 0.         0.         0.02792955],wool,6,5,3,4.666666666666667,Medium,Low environmental impact
65,[0.         0.         0.04891514 ... 0.01081671 0.         0.06734978],polyester,9,3,8,6.666666666666667,High,"Risk because high carbon footprint, high textile waste"
66,[0.01455623 0.         0.         ... 0.02178007 0.         0.        ],linen,2,3,2,2.3333333333333335,Low,Low environmental impact
67,[0.06229023 0.         0.00195296 ... 0.         0.         0.        ],polyester,9,3,8,6.666666666666667,High,"Risk because high carbon footprint, high textile waste"
68,[0.00653424 0.         0.         ... 0.         0.02306896 0.        ],polyester,9,3,8,6.666666666666667,High,"Risk because high carbon footprint, high textile waste"
69,[0.00700125 0.         0.19388607 ... 0.         0.         0.        ],cotton,7,9,5,7.0,High,Risk because high water consumption
70,[0.         0.         0.05865746 ... 0.         0.         0.        ],polyester,9,3,8,6.666666666666667,High,"Risk because high carbon footprint, high textile waste"
71,[0.01220096 0.         0.0297724  ... 0.         0.         0.36318728],cotton,7,9,5,7.0,High,Risk because high water consumption
72,[0.0039144  0.         0.         ... 0.00499535 0.         0.04998773],cotton,7,9,5,7.0,High,Risk because high water consumption
73,[0.00195948 0.00206799 0.06722341 ... 0.02870228 0.         0.        ],linen,2,3,2,2.3333333333333335,Low,Low environmental impact
74,[0.00524593 0.         0.         ... 0.01902924 0.         0.03550728],wool,6,5,3,4.666666666666667,Medium,Low environmental impact
75,[0.08652914 0.01770411 0.         ... 0.         0.03776484 0.        ],silk,5,5,4,4.666666666666667,Medium,Low environmental impact
76,[0.08257662 0.         0.04610228 ... 0.00455978 0.         0.        ],wool,6,5,3,4.666666666666667,Medium,Low environmental impact
77,[0.         0.         0.         ... 0.         0.         0.00150084],wool,6,5,3,4.666666666666667,Medium,Low environmental impact
78,[0.         0.01925034 0.         ... 0.         0.03509007 0.        ],polyester,9,3,8,6.666666666666667,High,"Risk because high carbon footprint, high textile waste"
79,[0.01777969 0.         0.         ... 0.         0.32697982 0.        ],silk,5,5,4,4.666666666666667,Medium,Low environmental impact
80,[0.         0.         0.01981846 ... 0.         0.         0.        ],linen,2,3,2,2.3333333333333335,Low,Low environmental impact
81,[0.00292491 0.         0.00463918 ... 0.         0.01063342 0.        ],cotton,7,9,5,7.0,High,Risk because high water consumption
82,[0.         0.         0.         ... 0.04834035 0.         0.21860048],silk,5,5,4,4.666666666666667,Medium,Low environmental impact
83,[0.00732046 0.         0.         ... 0.         0.         0.        ],cotton,7,9,5,7.0,High,Risk because high water consumption
84,[0.         0.         0.02361582 ... 0.         0.         0.        ],linen,2,3,2,2.3333333333333335,Low,Low environmental impact
85,[0.03578245 0.         0.0436804  ... 0.01840338 0.         0.        ],polyester,9,3,8,6.666666666666667,High,"Risk because high carbon footprint, high textile waste"
86,[0.         0.         0.65649468 ... 0.04076674 0.06547363 0.05531077],wool,6,5,3,4.666666666666667,Medium,Low environmental impact
87,[0.         0.00532767 0.10946272 ... 0.02311533 0.         0.        ],linen,2,3,2,2.3333333333333335,Low,Low environmental impact
88,[0.         0.05247913 0.         ... 0.         0.0038539  0.        ],cotton,7,9,5,7.0,High,Risk because high water consumption
89,[0.01973909 0.         0.05753032 ... 0.         0.04919515 0.        ],polyester,9,3,8,6.666666666666667,High,"Risk because high carbon footprint, high textile waste"
90,[0.         0.         0.         ... 0.02712356 0.         0.0339552 ],linen,2,3,2,2.3333333333333335,Low,Low environmental impact
91,[0.         0.         0.02066753 ... 0.         0.         0.00555391],wool,6,5,3,4.666666666666667,Medium,Low environmental impact
92,[0.         0.03478384 0.         ... 0.         0.         0.        ],silk,5,5,4,4.666666666666667,Medium,Low environmental impact
93,[0.         0.         0.         ... 0.06776698 0.         0.        ],linen,2,3,2,2.3333333333333335,Low,Low environmental impact
94,[0.         0.         0.0017615  ... 0.01155857 0.         0.        ],wool,6,5,3,4.666666666666667,Medium,Low environmental impact
95,[0.03466893 0.         0.         ... 0.02771855 0.         0.06007274],polyester,9,3,8,6.666666666666667,High,"Risk because high carbon footprint, high textile waste"
96,[0.         0.         0.29213011 ... 0.01494164 0.         0.        ],polyester,9,3,8,6.666666666666667,High,"Risk because high carbon footprint, high textile waste"
97,[0.         0.         0.         ... 0.00484946 0.         0.00188757],linen,2,3,2,2.3333333333333335,Low,Low environmental impact
98,[0.03923653 0.         0.02025915 ... 0.02576693 0.         0.        ],cotton,7,9,5,7.0,High,Risk because high water consumption
99,[0. 0. 0. ... 0. 0. 0.],polyester,9,3,8,6.666666666666667,High,"Risk because high carbon footprint, high textile waste"
100,[0.         0.         0.00899703 ... 0.         0.         0.01718967],polyester,9,3,8,6.666666666666667,High,"Risk because high carbon footprint, high textile waste"
101,[0.0226305  0.         0.14394061 ... 0.0068519  0.04710913 0.07618046],polyester,9,3,8,6.666666666666667,High,"Risk because high carbon footprint, high textile waste"
102,[0. 0. 0. ... 0. 0. 0.],linen,2,3,2,2.3333333333333335,Low,Low environmental impact
103,[0.05499846 0.         1.6007961  ... 0.         0.         0.01527064],polyester,9,3,8,6.666666666666667,High,"Risk because high carbon footprint, high textile waste"
104,[0.         0.01076424 0.         ... 0.         0.         0.        ],wool,6,5,3,4.666666666666667,Medium,Low environmental impact
105,[0.10466085 0.         0.00088552 ... 0.01708983 0.01369636 0.09797721],linen,2,3,2,2.3333333333333335,Low,Low environmental impact
106,[0.00154342 0.         0.22811534 ... 0.         0.         0.02661849],polyester,9,3,8,6.666666666666667,High,"Risk because high carbon footprint, high textile waste"
107,[0.1582617 0.        0.        ... 0.        0.        0.       ],polyester,9,3,8,6.666666666666667,High,"Risk because high carbon footprint, high textile waste"
108,[0.05231422 0.         0.02842723 ... 0.04323422 0.         0.        ],cotton,7,9,5,7.0,High,Risk because high water consumption
109,[0.         0.         0.04733422 ... 0.         0.36774358 0.        ],wool,6,5,3,4.666666666666667,Medium,Low environmental impact
110,[0.         0.         0.15580985 ... 0.00171029 0.         0.        ],polyester,9,3,8,6.666666666666667,High,"Risk because high carbon footprint, high textile waste"
111,[0.09091159 0.         0.         ... 0.         0.         0.04625958],polyester,9,3,8,6.666666666666667,High,"Risk because high carbon footprint, high textile waste"
112,[0.18601155 0.         0.23835145 ... 0.00557776 0.         0.01311699],cotton,7,9,5,7.0,High,Risk because high water consumption
113,[0.01647185 0.         0.         ... 0.15201548 0.04367643 0.01198415],linen,2,3,2,2.3333333333333335,Low,Low environmental impact
114,[0.         0.         0.03600427 ... 0.00027568 0.         0.01427568],silk,5,5,4,4.666666666666667,Medium,Low environmental impact
115,[0.00050157 0.         0.         ... 0.0027267  0.         0.00980573],wool,6,5,3,4.666666666666667,Medium,Low environmental impact
116,[0.         0.         0.         ... 0.00870013 0.03894989 0.02454059],linen,2,3,2,2.3333333333333335,Low,Low environmental impact
117,[0.         0.00861367 1.29250789 ... 0.         0.         0.04423924],linen,2,3,2,2.3333333333333335,Low,Low environmental impact
118,[0.07521867 0.         0.13372798 ... 0.01925596 0.         0.        ],linen,2,3,2,2.3333333333333335,Low,Low environmental impact
119,[0.00536188 0.         0.         ... 0.         0.         0.        ],wool,6,5,3,4.666666666666667,Medium,Low environmental impact
120,[0.00483451 0.         0.         ... 0.         0.         0.        ],polyester,9,3,8,6.666666666666667,High,"Risk because high carbon footprint, high textile waste"
121,[0.         0.05009936 0.         ... 0.         0.         0.        ],polyester,9,3,8,6.666666666666667,High,"Risk because high carbon footprint, high textile waste"
122,[0. 0. 0. ... 0. 0. 0.],silk,5,5,4,4.666666666666667,Medium,Low environmental impact
123,[0.         0.         0.09959733 ... 0.         0.         0.07438822],cotton,7,9,5,7.0,High,Risk because high water consumption
124,[0.         0.         0.         ... 0.         0.         0.02693585],cotton,7,9,5,7.0,High,Risk because high water consumption
125,[0.00057063 0.00629209 0.         ... 0.         0.         0.        ],silk,5,5,4,4.666666666666667,Medium,Low environmental impact
126,[0.00107578 0.         0.         ... 0.         0.0078109  0.04166799],wool,6,5,3,4.666666666666667,Medium,Low environmental impact
127,[0.         0.         0.         ... 0.00323269 0.19355646 0.01319538],cotton,7,9,5,7.0,High,Risk because high water consumption
128,[0.         0.01545915 0.10526921 ... 0.03544064 0.         0.        ],silk,5,5,4,4.666666666666667,Medium,Low environmental impact
129,[0.01877432 0.         0.00745226 ... 0.03759478 0.00626549 0.        ],linen,2,3,2,2.3333333333333335,Low,Low environmental impact
130,[0.099434   0.         0.10133155 ... 0.         0.17227133 0.13923688],wool,6,5,3,4.666666666666667,Medium,Low environmental impact
131,[0.         0.         0.         ... 0.00651093 0.05696663 0.        ],linen,2,3,2,2.3333333333333335,Low,Low environmental impact
132,[0.02558425 0.         0.03559266 ... 0.0725527  0.         0.        ],wool,6,5,3,4.666666666666667,Medium,Low environmental impact
133,[0.         0.         0.         ... 0.         0.17132151 0.        ],silk,5,5,4,4.666666666666667,Medium,Low environmental impact
134,[0.008311   0.         0.         ... 0.         0.         0.02335318],wool,6,5,3,4.666666666666667,Medium,Low environmental impact
135,[0.         0.0434379  0.89931285 ... 0.         0.         0.        ],linen,2,3,2,2.3333333333333335,Low,Low environmental impact
136,[0.00890872 0.         0.         ... 0.         0.         0.        ],cotton,7,9,5,7.0,High,Risk because high water consumption
137,[0.         0.         0.         ... 0.         0.00440698 0.        ],wool,6,5,3,4.666666666666667,Medium,Low environmental impact
138,[0.         0.         0.1544072  ... 0.00144038 0.         0.01031737],linen,2,3,2,2.3333333333333335,Low,Low environmental impact
139,[0.         0.         0.02099829 ... 0.0118069  0.20754178 0.12128961],silk,5,5,4,4.666666666666667,Medium,Low environmental impact
140,[0.0246614  0.         0.         ... 0.00186616 0.27496314 0.        ],silk,5,5,4,4.666666666666667,Medium,Low environmental impact
141,[0.         0.         0.09448585 ... 0.13216825 0.01410989 0.08962431],polyester,9,3,8,6.666666666666667,High,"Risk because high carbon footprint, high textile waste"
142,[0.         0.01271266 0.         ... 0.00501592 0.         0.        ],wool,6,5,3,4.666666666666667,Medium,Low environmental impact
143,[0.         0.         0.22465369 ... 0.00921193 0.         0.        ],linen,2,3,2,2.3333333333333335,Low,Low environmental impact
144,[0.02412241 0.0221947  0.04226046 ... 0.         0.00518329 0.        ],silk,5,5,4,4.666666666666667,Medium,Low environmental impact
145,[0.05516346 0.         0.         ... 0.         0.         0.02120044],wool,6,5,3,4.666666666666667,Medium,Low environmental impact
146,[0.         0.0179267  0.         ... 0.         0.         0.02764459],wool,6,5,3,4.666666666666667,Medium,Low environmental impact
147,[0.         0.         0.24835843 ... 0.09963713 0.         0.08952993],cotton,7,9,5,7.0,High,Risk because high water consumption
148,[0.00535562 0.         0.         ... 0.01117045 0.         0.        ],cotton,7,9,5,7.0,High,Risk because high water consumption
149,[0.02373772 0.         0.         ... 0.13923389 0.         0.00560988],linen,2,3,2,2.3333333333333335,Low,Low environmental impact
150,[0.         0.         0.         ... 0.00988284 0.20597921 0.        ],wool,6,5,3,4.666666666666667,Medium,Low environmental impact
151,[0.         0.         0.         ... 0.01202531 0.01315543 0.00982349],wool,6,5,3,4.666666666666667,Medium,Low environmental impact
152,[0.01257261 0.         0.         ... 0.         0.1956213  0.        ],silk,5,5,4,4.666666666666667,Medium,Low environmental impact
153,[0.0093125 0.        0.        ... 0.        0.        0.       ],silk,5,5,4,4.666666666666667,Medium,Low environmental impact
154,[0.02849743 0.         0.09567853 ... 0.         0.         0.03063484],cotton,7,9,5,7.0,High,Risk because high water consumption
155,[0.         0.         0.         ... 0.         0.         0.03649838],cotton,7,9,5,7.0,High,Risk because high water consumption
156,[0.         0.         0.         ... 0.00448654 0.12597124 0.01755817],silk,5,5,4,4.666666666666667,Medium,Low environmental impact
157,[0.066672   0.         0.01869825 ... 0.02593731 0.         0.08098888],wool,6,5,3,4.666666666666667,Medium,Low environmental impact
158,[0.         0.         0.         ... 0.         0.03886725 0.05325719],cotton,7,9,5,7.0,High,Risk because high water consumption
159,[0.01946365 0.00943597 0.24997845 ... 0.         0.         0.0957956 ],linen,2,3,2,2.3333333333333335,Low,Low environmental impact
160,[0.28530988 0.         0.08291096 ... 0.         0.02943454 0.36488736],cotton,7,9,5,7.0,High,Risk because high water consumption
161,[0.06447484 0.         0.00659357 ... 0.         0.         0.        ],linen,2,3,2,2.3333333333333335,Low,Low environmental impact
162,[0.         0.         0.         ... 0.00143251 0.05458964 0.        ],polyester,9,3,8,6.666666666666667,High,"Risk because high carbon footprint, high textile waste"
163,[0.         0.         0.27084404 ... 0.0333438  0.44906434 0.        ],polyester,9,3,8,6.666666666666667,High,"Risk because high carbon footprint, high textile waste"
164,[0.         0.         0.         ... 0.00949791 0.         0.        ],wool,6,5,3,4.666666666666667,Medium,Low environmental impact
165,[0.03682616 0.         0.0091196  ... 0.         0.         0.03086886],polyester,9,3,8,6.666666666666667,High,"Risk because high carbon footprint, high textile waste"
166,[0.         0.         0.         ... 0.04283754 0.         0.00365544],cotton,7,9,5,7.0,High,Risk because high water consumption
167,[0.         0.006855   0.         ... 0.00771753 0.         0.        ],linen,2,3,2,2.3333333333333335,Low,Low environmental impact
168,[0.         0.         0.01383192 ... 0.09658465 0.         0.        ],silk,5,5,4,4.666666666666667,Medium,Low environmental impact
169,[0.00384337 0.         0.         ... 0.01688081 0.         0.07094657],polyester,9,3,8,6.666666666666667,High,"Risk because high carbon footprint, high textile waste"
170,[0.00088974 0.         0.         ... 0.         0.         0.        ],silk,5,5,4,4.666666666666667,Medium,Low environmental impact
171,[0.02348589 0.         0.         ... 0.00305112 0.         0.02184166],polyester,9,3,8,6.666666666666667,High,"Risk because high carbon footprint, high textile waste"
172,[0.01338667 0.         0.04313861 ... 0.01263776 0.         0.03508618],silk,5,5,4,4.666666666666667,Medium,Low environmental impact
173,[0. 0. 0. ... 0. 0. 0.],polyester,9,3,8,6.666666666666667,High,"Risk because high carbon footprint, high textile waste"
174,[0.         0.         0.01737083 ... 0.         0.         0.        ],linen,2,3,2,2.3333333333333335,Low,Low environmental impact
175,[0.         0.02203476 0.03491001 ... 0.         0.         0.        ],cotton,7,9,5,7.0,High,Risk because high water consumption
176,[0.         0.         0.07644417 ... 0.         0.         0.        ],polyester,9,3,8,6.666666666666667,High,"Risk because high carbon footprint, high textile waste"
177,[0.         0.         0.05202249 ... 0.         0.         0.02761942],linen,2,3,2,2.3333333333333335,Low,Low environmental impact
178,[0.        0.        0.1367161 ... 0.        0.        0.       ],silk,5,5,4,4.666666666666667,Medium,Low environmental impact
179,[0.         0.         0.21166396 ... 0.         0.         0.        ],silk,5,5,4,4.666666666666667,Medium,Low environmental impact
180,[0.         0.         0.         ... 0.         0.         0.01145117],wool,6,5,3,4.666666666666667,Medium,Low environmental impact
181,[0.0071215  0.         0.         ... 0.00949908 0.10232297 0.        ],silk,5,5,4,4.666666666666667,Medium,Low environmental impact
182,[0.         0.         0.         ... 0.         0.12600502 0.07925402],linen,2,3,2,2.3333333333333335,Low,Low environmental impact
183,[0.         0.         0.01811372 ... 0.06175365 0.         0.        ],wool,6,5,3,4.666666666666667,Medium,Low environmental impact
184,[0.         0.         0.         ... 0.00497117 0.         0.        ],silk,5,5,4,4.666666666666667,Medium,Low environmental impact
185,[0.         0.         0.03486285 ... 0.00952753 0.         0.04176138],polyester,9,3,8,6.666666666666667,High,"Risk because high carbon footprint, high textile waste"
186,[0.00101206 0.01979653 0.37388852 ... 0.01067802 0.00688687 0.00412816],cotton,7,9,5,7.0,High,Risk because high water consumption
187,[0.         0.         0.         ... 0.09614817 0.         0.00304819],silk,5,5,4,4.666666666666667,Medium,Low environmental impact
188,[0.38848904 0.         0.01663816 ... 0.         0.         0.02691975],cotton,7,9,5,7.0,High,Risk because high water consumption
189,[0.         0.         0.00703743 ... 0.         0.         0.04677732],silk,5,5,4,4.666666666666667,Medium,Low environmental impact
190,[0. 0. 0. ... 0. 0. 0.],silk,5,5,4,4.666666666666667,Medium,Low environmental impact
191,[0.00061503 0.04642606 0.         ... 0.02191623 0.00110013 0.        ],polyester,9,3,8,6.666666666666667,High,"Risk because high carbon footprint, high textile waste"
192,[0.         0.         0.         ... 0.         0.05842182 0.0462599 ],cotton,7,9,5,7.0,High,Risk because high water consumption
193,[0.         0.         0.09662873 ... 0.19268093 0.         0.        ],cotton,7,9,5,7.0,High,Risk because high water consumption
194,[0.         0.         0.         ... 0.01662056 0.         0.        ],silk,5,5,4,4.666666666666667,Medium,Low environmental impact
195,[0. 0. 0. ... 0. 0. 0.],wool,6,5,3,4.666666666666667,Medium,Low environmental impact
196,[0.01597173 0.         0.06309492 ... 0.         0.         0.00601492],silk,5,5,4,4.666666666666667,Medium,Low environmental impact
197,[0.00226406 0.         0.         ... 0.02203259 0.03557434 0.        ],wool,6,5,3,4.666666666666667,Medium,Low environmental impact
198,[0.         0.         0.00421345 ... 0.         0.         0.        ],silk,5,5,4,4.666666666666667,Medium,Low environmental impact
199,[0.         0.         0.00434301 ... 0.         0.         0.01039513],wool,6,5,3,4.666666666666667,Medium,Low environmental impact
200,[0.         0.         0.         ... 0.         0.19652721 0.03021329],linen,2,3,2,2.3333333333333335,Low,Low environmental impact
201,[0.00324981 0.00855196 0.         ... 0.04294553 0.         0.08209217],silk,5,5,4,4.666666666666667,Medium,Low environmental impact
202,[0.05683389 0.         0.         ... 0.16866209 0.         0.        ],silk,5,5,4,4.666666666666667,Medium,Low environmental impact
203,[0.         0.         0.66253841 ... 0.         0.         0.02745512],silk,5,5,4,4.666666666666667,Medium,Low environmental impact
204,[0.01370121 0.         0.         ... 0.0041338  0.         0.04379334],linen,2,3,2,2.3333333333333335,Low,Low environmental impact
205,[0.0074422  0.         0.         ... 0.05716012 0.         0.00946861],cotton,7,9,5,7.0,High,Risk because high water consumption
206,[0.03676149 0.         0.         ... 0.00848826 0.         0.        ],silk,5,5,4,4.666666666666667,Medium,Low environmental impact
207,[0.         0.         0.42045224 ... 0.         0.08962481 0.        ],wool,6,5,3,4.666666666666667,Medium,Low environmental impact
208,[0.02429631 0.         0.         ... 0.01990408 0.04163885 0.        ],wool,6,5,3,4.666666666666667,Medium,Low environmental impact
209,[0.01093832 0.         0.         ... 0.0019901  0.         0.        ],linen,2,3,2,2.3333333333333335,Low,Low environmental impact
210,[0.         0.         0.23465018 ... 0.02584514 0.00590961 0.08295701],silk,5,5,4,4.666666666666667,Medium,Low environmental impact
211,[0.         0.         0.40190941 ... 0.00224898 0.         0.05070599],polyester,9,3,8,6.666666666666667,High,"Risk because high carbon footprint, high textile waste"
212,[0.0733746  0.         0.00836431 ... 0.08193982 0.         0.0194377 ],polyester,9,3,8,6.666666666666667,High,"Risk because high carbon footprint, high textile waste"
213,[0.00782108 0.         0.1260612  ... 0.00015332 0.0503374  0.00808391],wool,6,5,3,4.666666666666667,Medium,Low environmental impact
214,[0.00175864 0.         0.         ... 0.01207215 0.24209361 0.        ],linen,2,3,2,2.3333333333333335,Low,Low environmental impact
215,[0.00968365 0.         0.         ... 0.00324107 0.         0.        ],silk,5,5,4,4.666666666666667,Medium,Low environmental impact
216,[0.         0.         0.02803295 ... 0.0022396  0.14190681 0.12579212],cotton,7,9,5,7.0,High,Risk because high water consumption
217,[0.00163123 0.         0.14878374 ... 0.         0.         0.        ],wool,6,5,3,4.666666666666667,Medium,Low environmental impact
218,[0.         0.         0.00563977 ... 0.         0.         0.        ],cotton,7,9,5,7.0,High,Risk because high water consumption
219,[0.25472733 0.         0.01322854 ... 0.         0.         0.05364378],linen,2,3,2,2.3333333333333335,Low,Low environmental impact
220,[0.         0.         0.         ... 0.00221007 0.         0.        ],cotton,7,9,5,7.0,High,Risk because high water consumption
221,[0.00401004 0.         0.         ... 0.         0.         0.        ],polyester,9,3,8,6.666666666666667,High,"Risk because high carbon footprint, high textile waste"
222,[0.         0.         0.21251558 ... 0.         0.03163191 0.18991634],silk,5,5,4,4.666666666666667,Medium,Low environmental impact
223,[0.         0.         0.0741325  ... 0.00427586 0.03472221 0.01145149],wool,6,5,3,4.666666666666667,Medium,Low environmental impact
224,[0.00415392 0.         0.00157514 ... 0.10906973 0.         0.1155981 ],polyester,9,3,8,6.666666666666667,High,"Risk because high carbon footprint, high textile waste"
225,[0.         0.01553698 0.01682211 ... 0.         0.         0.        ],cotton,7,9,5,7.0,High,Risk because high water consumption
226,[0.         0.         0.00784522 ... 0.52697468 0.         0.03485486],linen,2,3,2,2.3333333333333335,Low,Low environmental impact
227,[0.0133938  0.         0.02525833 ... 0.02152172 0.         0.00315187],linen,2,3,2,2.3333333333333335,Low,Low environmental impact
228,[0.02278074 0.         0.         ... 0.         0.01370695 0.        ],wool,6,5,3,4.666666666666667,Medium,Low environmental impact
229,[0.08304173 0.         0.         ... 0.         0.06356579 0.        ],wool,6,5,3,4.666666666666667,Medium,Low environmental impact
230,[0.         0.         0.07221523 ... 0.05259189 0.         0.        ],wool,6,5,3,4.666666666666667,Medium,Low environmental impact
231,[0.00919723 0.         0.01211348 ... 0.0007064  0.07375924 0.0185679 ],linen,2,3,2,2.3333333333333335,Low,Low environmental impact
232,[0.         0.         0.         ... 0.00320823 0.08358761 0.        ],wool,6,5,3,4.666666666666667,Medium,Low environmental impact
233,[0.00186942 0.         0.         ... 0.00849551 0.01052128 0.04360149],linen,2,3,2,2.3333333333333335,Low,Low environmental impact
234,[0.         0.         0.00822748 ... 0.         0.09138962 0.00187524],wool,6,5,3,4.666666666666667,Medium,Low environmental impact
235,[0.         0.         0.         ... 0.00635785 0.         0.12923624],linen,2,3,2,2.3333333333333335,Low,Low environmental impact
236,[0.01104097 0.         0.02696288 ... 0.         0.         0.02377259],polyester,9,3,8,6.666666666666667,High,"Risk because high carbon footprint, high textile waste"
237,[0.         0.         0.09493148 ... 0.         0.         0.        ],silk,5,5,4,4.666666666666667,Medium,Low environmental impact
238,[0.         0.0094067  0.18416959 ... 0.         0.         0.01030878],polyester,9,3,8,6.666666666666667,High,"Risk because high carbon footprint, high textile waste"
239,[0.07331429 0.         0.00180479 ... 0.03518913 0.         0.00880207],silk,5,5,4,4.666666666666667,Medium,Low environmental impact
240,[0.         0.         0.00583714 ... 0.         0.         0.        ],wool,6,5,3,4.666666666666667,Medium,Low environmental impact
241,[0.         0.         0.02273723 ... 0.         0.         0.        ],cotton,7,9,5,7.0,High,Risk because high water consumption
242,[0.         0.         0.         ... 0.         0.         0.01755895],linen,2,3,2,2.3333333333333335,Low,Low environmental impact
243,[0. 0. 0. ... 0. 0. 0.],cotton,7,9,5,7.0,High,Risk because high water consumption
244,[0.05280062 0.         0.         ... 0.         0.         0.        ],linen,2,3,2,2.3333333333333335,Low,Low environmental impact
245,[0.         0.         0.         ... 0.         0.         0.00419272],linen,2,3,2,2.3333333333333335,Low,Low environmental impact
246,[0.00286096 0.         0.         ... 0.         0.         0.09903085],wool,6,5,3,4.666666666666667,Medium,Low environmental impact
247,[0.06535471 0.         0.13598774 ... 0.         0.01621769 0.        ],polyester,9,3,8,6.666666666666667,High,"Risk because high carbon footprint, high textile waste"
248,[0.         0.         0.         ... 0.         0.01440463 0.01970755],polyester,9,3,8,6.666666666666667,High,"Risk because high carbon footprint, high textile waste"
249,[0.00062597 0.06704494 0.         ... 0.         0.         0.        ],polyester,9,3,8,6.666666666666667,High,"Risk because high carbon footprint, high textile waste"
250,[0.         0.         0.02076433 ... 0.02087709 0.         0.        ],silk,5,5,4,4.666666666666667,Medium,Low environmental impact
251,[0.         0.         0.         ... 0.01615206 0.         0.        ],wool,6,5,3,4.666666666666667,Medium,Low environmental impact
252,[0.         0.         0.07678378 ... 0.04866118 0.06803498 0.02870982],wool,6,5,3,4.666666666666667,Medium,Low environmental impact
253,[0.11618324 0.         0.         ... 0.         0.         0.        ],cotton,7,9,5,7.0,High,Risk because high water consumption
254,[0.         0.00576247 0.         ... 0.00890563 0.         0.        ],linen,2,3,2,2.3333333333333335,Low,Low environmental impact
255,[0.         0.         0.03148784 ... 0.         0.00826318 0.        ],cotton,7,9,5,7.0,High,Risk because high water consumption
256,[0.03295412 0.00896593 0.         ... 0.0396539  0.02722178 0.00703499],polyester,9,3,8,6.666666666666667,High,"Risk because high carbon footprint, high textile waste"
257,[0.         0.         0.01586368 ... 0.         0.24520147 0.        ],linen,2,3,2,2.3333333333333335,Low,Low environmental impact
258,[0.13921468 0.         0.0362594  ... 0.00399871 0.         0.        ],polyester,9,3,8,6.666666666666667,High,"Risk because high carbon footprint, high textile waste"
259,[0.06107979 0.         0.00593954 ... 0.         0.         0.        ],linen,2,3,2,2.3333333333333335,Low,Low environmental impact
260,[0.04603641 0.         0.         ... 0.         0.         0.        ],cotton,7,9,5,7.0,High,Risk because high water consumption
261,[0.         0.         0.         ... 0.         0.07544708 0.        ],polyester,9,3,8,6.666666666666667,High,"Risk because high carbon footprint, high textile waste"
262,[0.         0.         0.         ... 0.04584805 0.00603084 0.00729757],polyester,9,3,8,6.666666666666667,High,"Risk because high carbon footprint, high textile waste"
263,[0.         0.         0.01929004 ... 0.00508064 0.         0.02096554],wool,6,5,3,4.666666666666667,Medium,Low environmental impact
264,[0.00164585 0.         0.02211099 ... 0.02725864 0.         0.08242614],cotton,7,9,5,7.0,High,Risk because high water consumption
265,[0.0057278  0.         0.03709486 ... 0.         0.         0.        ],linen,2,3,2,2.3333333333333335,Low,Low environmental impact
266,[0.14162615 0.         0.03567685 ... 0.         0.         0.05711518],linen,2,3,2,2.3333333333333335,Low,Low environmental impact
267,[0.         0.00332905 0.26769164 ... 0.00051329 0.0734162  0.01787193],wool,6,5,3,4.666666666666667,Medium,Low environmental impact
268,[0.17668039 0.         0.04810956 ... 0.         0.24180582 0.        ],wool,6,5,3,4.666666666666667,Medium,Low environmental impact
269,[0.00078994 0.         0.         ... 0.         0.         0.        ],silk,5,5,4,4.666666666666667,Medium,Low environmental impact
270,[0.         0.00121198 0.05124359 ... 0.         0.10881062 0.        ],polyester,9,3,8,6.666666666666667,High,"Risk because high carbon footprint, high textile waste"
271,[0.        0.        0.        ... 0.        0.2018984 0.       ],wool,6,5,3,4.666666666666667,Medium,Low environmental impact
272,[0.         0.00222681 0.06182418 ... 0.         0.51368523 0.        ],polyester,9,3,8,6.666666666666667,High,"Risk because high carbon footprint, high textile waste"
273,[0.02743635 0.01324216 0.04401732 ... 0.04195384 0.         0.        ],silk,5,5,4,4.666666666666667,Medium,Low environmental impact
274,[0.         0.         0.05194078 ... 0.         0.         0.07239571],wool,6,5,3,4.666666666666667,Medium,Low environmental impact
275,[0.07257884 0.         0.01394135 ... 0.         0.31281927 0.06332161],cotton,7,9,5,7.0,High,Risk because high water consumption
276,[0.         0.         0.13413022 ... 0.02057342 0.00592057 0.00857557],polyester,9,3,8,6.666666666666667,High,"Risk because high carbon footprint, high textile waste"
277,[0.         0.00679621 0.00049905 ... 0.         0.         0.07867133],cotton,7,9,5,7.0,High,Risk because high water consumption
278,[0.00169894 0.         0.         ... 0.         0.06032249 0.        ],wool,6,5,3,4.666666666666667,Medium,Low environmental impact
279,[0.00988003 0.         0.74868876 ... 0.12005799 0.03381395 0.08336958],wool,6,5,3,4.666666666666667,Medium,Low environmental impact
280,[0.         0.         0.         ... 0.         0.         0.06486381],wool,6,5,3,4.666666666666667,Medium,Low environmental impact
281,[0.         0.         0.         ... 0.         0.         0.12851593],cotton,7,9,5,7.0,High,Risk because high water consumption
282,[0. 0. 0. ... 0. 0. 0.],cotton,7,9,5,7.0,High,Risk because high water consumption
283,[0.         0.         0.         ... 0.         0.14891626 0.0483604 ],cotton,7,9,5,7.0,High,Risk because high water consumption
284,[0.         0.         0.04578596 ... 0.0129497  0.         0.        ],cotton,7,9,5,7.0,High,Risk because high water consumption
285,[0.00032585 0.         0.04313339 ... 0.03556242 0.         0.        ],polyester,9,3,8,6.666666666666667,High,"Risk because high carbon footprint, high textile waste"
286,[0. 0. 0. ... 0. 0. 0.],silk,5,5,4,4.666666666666667,Medium,Low environmental impact
287,[0.00560011 0.         0.         ... 0.         0.         0.        ],cotton,7,9,5,7.0,High,Risk because high water consumption
288,[0.         0.00369903 0.         ... 0.00780682 0.         0.00440523],polyester,9,3,8,6.666666666666667,High,"Risk because high carbon footprint, high textile waste"
289,[0.         0.         0.         ... 0.02958794 0.         0.02557726],silk,5,5,4,4.666666666666667,Medium,Low environmental impact
290,[0.00605346 0.04769643 0.         ... 0.0707698  0.         0.03740485],wool,6,5,3,4.666666666666667,Medium,Low environmental impact
291,[0. 0. 0. ... 0. 0. 0.],linen,2,3,2,2.3333333333333335,Low,Low environmental impact
292,[0.         0.072264   0.09048468 ... 0.         0.         0.        ],cotton,7,9,5,7.0,High,Risk because high water consumption
293,[0.         0.         0.         ... 0.         0.         0.02141289],wool,6,5,3,4.666666666666667,Medium,Low environmental impact
294,[0.         0.         0.02021028 ... 0.0243616  0.         0.13089235],silk,5,5,4,4.666666666666667,Medium,Low environmental impact
295,[0.0701201  0.         0.00743847 ... 0.         0.02807342 0.        ],silk,5,5,4,4.666666666666667,Medium,Low environmental impact
296,[0.         0.         0.0863252  ... 0.         0.         0.01992298],wool,6,5,3,4.666666666666667,Medium,Low environmental impact
297,[0.         0.         0.02871837 ... 0.02678333 0.         0.02381744],wool,6,5,3,4.666666666666667,Medium,Low environmental impact
298,[0.         0.         0.         ... 0.         0.02198723 0.        ],wool,6,5,3,4.666666666666667,Medium,Low environmental impact
299,[0.         0.         0.         ... 0.00805245 0.         0.        ],polyester,9,3,8,6.666666666666667,High,"Risk because high carbon footprint, high textile waste"
300,"[0.00000000e+00 2.57947738e-03 1.33509729e-02 ... 6.83527833e-05
 1.54083623e-02 6.13377057e-02]",linen,2,3,2,2.3333333333333335,Low,Low environmental impact
301,[0.00240735 0.         0.         ... 0.01328036 0.         0.        ],silk,5,5,4,4.666666666666667,Medium,Low environmental impact
302,[0.         0.         0.         ... 0.         0.22641791 0.03578701],polyester,9,3,8,6.666666666666667,High,"Risk because high carbon footprint, high textile waste"
303,[0.         0.         0.         ... 0.02339048 0.         0.        ],linen,2,3,2,2.3333333333333335,Low,Low environmental impact
304,[0.07930226 0.         0.         ... 0.         0.         0.07802656],silk,5,5,4,4.666666666666667,Medium,Low environmental impact
305,[0.         0.01550714 0.         ... 0.         0.06278802 0.01357605],cotton,7,9,5,7.0,High,Risk because high water consumption
306,[0.         0.         0.         ... 0.06303033 0.         0.02384599],wool,6,5,3,4.666666666666667,Medium,Low environmental impact
307,[0.         0.         0.07317517 ... 0.01938604 0.24562015 0.0733628 ],polyester,9,3,8,6.666666666666667,High,"Risk because high carbon footprint, high textile waste"
308,"[6.27740228e-05 0.00000000e+00 0.00000000e+00 ... 1.78395193e-02
 0.00000000e+00 5.51685840e-02]",wool,6,5,3,4.666666666666667,Medium,Low environmental impact
309,[0.03031215 0.00259816 0.19255143 ... 0.         0.         0.00390992],cotton,7,9,5,7.0,High,Risk because high water consumption
310,[0.01958923 0.         0.02800878 ... 0.         0.         0.02363239],silk,5,5,4,4.666666666666667,Medium,Low environmental impact
311,[0.0625871  0.         0.00526437 ... 0.04816088 0.00338041 0.00587429],silk,5,5,4,4.666666666666667,Medium,Low environmental impact
312,[0.06143231 0.         0.         ... 0.         0.00181336 0.        ],wool,6,5,3,4.666666666666667,Medium,Low environmental impact
313,[0.        0.        0.        ... 0.        0.        0.0193318],wool,6,5,3,4.666666666666667,Medium,Low environmental impact
314,[0.00369653 0.         0.03465099 ... 0.1702825  0.         0.0031419 ],wool,6,5,3,4.666666666666667,Medium,Low environmental impact
315,[0.         0.         0.         ... 0.00687948 0.         0.        ],polyester,9,3,8,6.666666666666667,High,"Risk because high carbon footprint, high textile waste"
316,[0.03216337 0.00871895 0.         ... 0.         0.         0.        ],linen,2,3,2,2.3333333333333335,Low,Low environmental impact
317,[0.         0.         0.         ... 0.         0.09694218 0.04801397],silk,5,5,4,4.666666666666667,Medium,Low environmental impact
318,[0.         0.         0.01596139 ... 0.02480558 0.10478549 0.04976016],cotton,7,9,5,7.0,High,Risk because high water consumption
319,[0.01438728 0.         0.21440729 ... 0.02864843 0.         0.        ],cotton,7,9,5,7.0,High,Risk because high water consumption
320,[0.         0.00068515 0.         ... 0.12511757 0.         0.        ],wool,6,5,3,4.666666666666667,Medium,Low environmental impact
321,[0.         0.         0.12308136 ... 0.         0.02366179 0.        ],cotton,7,9,5,7.0,High,Risk because high water consumption
322,[0.00128703 0.         0.03127986 ... 0.         0.         0.02567704],polyester,9,3,8,6.666666666666667,High,"Risk because high carbon footprint, high textile waste"
323,[0. 0. 0. ... 0. 0. 0.],wool,6,5,3,4.666666666666667,Medium,Low environmental impact
324,[0.         0.         0.02592096 ... 0.         0.01087371 0.00142926],linen,2,3,2,2.3333333333333335,Low,Low environmental impact
325,[0.02227304 0.         0.03325272 ... 0.         0.         0.        ],cotton,7,9,5,7.0,High,Risk because high water consumption
326,[0.         0.0069138  0.         ... 0.01300545 0.02325947 0.04787675],linen,2,3,2,2.3333333333333335,Low,Low environmental impact
327,[0.00310153 0.         0.08122613 ... 0.06905027 0.         0.        ],polyester,9,3,8,6.666666666666667,High,"Risk because high carbon footprint, high textile waste"
328,[0.         0.         0.         ... 0.         0.06768744 0.        ],linen,2,3,2,2.3333333333333335,Low,Low environmental impact
329,[0.         0.         0.         ... 0.         0.10600131 0.        ],wool,6,5,3,4.666666666666667,Medium,Low environmental impact
330,[0.         0.         0.         ... 0.         0.         0.09577903],linen,2,3,2,2.3333333333333335,Low,Low environmental impact
331,[0.         0.00412396 0.00511983 ... 0.00080236 0.00652227 0.        ],polyester,9,3,8,6.666666666666667,High,"Risk because high carbon footprint, high textile waste"
332,[0.         0.         0.         ... 0.01617723 0.16001423 0.07339427],linen,2,3,2,2.3333333333333335,Low,Low environmental impact
333,[0.13553655 0.         0.09043779 ... 0.01769442 0.0264397  0.        ],wool,6,5,3,4.666666666666667,Medium,Low environmental impact
334,[0.         0.0022468  0.         ... 0.         0.         0.01355668],polyester,9,3,8,6.666666666666667,High,"Risk because high carbon footprint, high textile waste"
335,[0.         0.         0.02650796 ... 0.         0.         0.        ],cotton,7,9,5,7.0,High,Risk because high water consumption
336,[0.05960537 0.         0.11898597 ... 0.00368283 0.         0.        ],polyester,9,3,8,6.666666666666667,High,"Risk because high carbon footprint, high textile waste"
337,[0.06069317 0.         0.05040498 ... 0.03407371 0.01666105 0.        ],wool,6,5,3,4.666666666666667,Medium,Low environmental impact
338,[0.04893439 0.         0.68241072 ... 0.78865987 0.00327092 0.06237353],linen,2,3,2,2.3333333333333335,Low,Low environmental impact
339,[0.         0.         0.01734494 ... 0.         0.         0.        ],silk,5,5,4,4.666666666666667,Medium,Low environmental impact
340,[0.         0.         0.01270776 ... 0.00613368 0.02365633 0.01000233],linen,2,3,2,2.3333333333333335,Low,Low environmental impact
341,[0.         0.         0.03546289 ... 0.         0.         0.03059217],polyester,9,3,8,6.666666666666667,High,"Risk because high carbon footprint, high textile waste"
342,[0.         0.         0.06110606 ... 0.         0.04096015 0.02277059],silk,5,5,4,4.666666666666667,Medium,Low environmental impact
343,[0.         0.         0.00445231 ... 0.10600363 0.17468585 0.02756078],wool,6,5,3,4.666666666666667,Medium,Low environmental impact
344,[0.05274914 0.         0.         ... 0.00890342 0.23562334 0.        ],linen,2,3,2,2.3333333333333335,Low,Low environmental impact
345,[0.         0.         0.         ... 0.04440771 0.         0.0529764 ],cotton,7,9,5,7.0,High,Risk because high water consumption
346,[0.         0.         0.10417344 ... 0.         0.09039437 0.11184005],cotton,7,9,5,7.0,High,Risk because high water consumption
347,[0.         0.         0.         ... 0.02218853 0.         0.03297347],wool,6,5,3,4.666666666666667,Medium,Low environmental impact
348,[0. 0. 0. ... 0. 0. 0.],polyester,9,3,8,6.666666666666667,High,"Risk because high carbon footprint, high textile waste"
349,[0.         0.04334534 0.03976833 ... 0.         0.02488674 0.        ],cotton,7,9,5,7.0,High,Risk because high water consumption
350,[0.06777032 0.         0.00789644 ... 0.         0.         0.        ],cotton,7,9,5,7.0,High,Risk because high water consumption
351,[0.01075569 0.01486    0.00171336 ... 0.00170482 0.52057606 0.00576899],linen,2,3,2,2.3333333333333335,Low,Low environmental impact
352,[0.         0.         0.         ... 0.00048518 0.         0.05100581],silk,5,5,4,4.666666666666667,Medium,Low environmental impact
353,[0.         0.         0.02775586 ... 0.         0.         0.        ],wool,6,5,3,4.666666666666667,Medium,Low environmental impact
354,[0.         0.         0.         ... 0.         0.         0.04539235],wool,6,5,3,4.666666666666667,Medium,Low environmental impact
355,[0.10175758 0.         0.0179514  ... 0.         0.00221531 0.00527437],cotton,7,9,5,7.0,High,Risk because high water consumption
356,[0.         0.         0.         ... 0.0045121  0.         0.00732335],cotton,7,9,5,7.0,High,Risk because high water consumption
357,[0.0004443  0.         0.00220767 ... 0.02260243 0.         0.        ],wool,6,5,3,4.666666666666667,Medium,Low environmental impact
358,[0.16753545 0.         0.04815552 ... 0.00376218 0.04594077 0.        ],silk,5,5,4,4.666666666666667,Medium,Low environmental impact
359,[0.0057917  0.         0.04097993 ... 0.         0.00975888 0.05782177],cotton,7,9,5,7.0,High,Risk because high water consumption
360,[0.02872304 0.         0.         ... 0.02080665 0.22735314 0.        ],wool,6,5,3,4.666666666666667,Medium,Low environmental impact
361,[0.         0.         0.         ... 0.01048518 0.         0.01360778],polyester,9,3,8,6.666666666666667,High,"Risk because high carbon footprint, high textile waste"
362,[0.02282586 0.05094255 0.01592585 ... 0.07734219 0.         0.        ],cotton,7,9,5,7.0,High,Risk because high water consumption
363,[0.06236165 0.         0.17155744 ... 0.         0.         0.        ],silk,5,5,4,4.666666666666667,Medium,Low environmental impact
364,[0.0342845 0.        0.        ... 0.        0.        0.       ],silk,5,5,4,4.666666666666667,Medium,Low environmental impact
365,[0.26518363 0.00984121 0.         ... 0.00822979 0.         0.        ],silk,5,5,4,4.666666666666667,Medium,Low environmental impact
366,[0.         0.         0.04076109 ... 0.09351482 0.02857054 0.00729465],wool,6,5,3,4.666666666666667,Medium,Low environmental impact
367,[0.2453507  0.         0.         ... 0.         0.         0.02488413],cotton,7,9,5,7.0,High,Risk because high water consumption
368,[0.16388981 0.00319262 0.01236444 ... 0.         0.00262649 0.03551178],polyester,9,3,8,6.666666666666667,High,"Risk because high carbon footprint, high textile waste"
369,[0.         0.         0.         ... 0.01463524 0.         0.00174479],cotton,7,9,5,7.0,High,Risk because high water consumption
370,[0.         0.04171055 0.0778949  ... 0.02528392 0.         0.        ],linen,2,3,2,2.3333333333333335,Low,Low environmental impact
371,[0.         0.         0.         ... 0.         0.         0.11967725],linen,2,3,2,2.3333333333333335,Low,Low environmental impact
372,[0.         0.00642728 0.01012077 ... 0.         0.         0.08848787],cotton,7,9,5,7.0,High,Risk because high water consumption
373,[0.29754731 0.         0.         ... 0.         0.         0.00546624],linen,2,3,2,2.3333333333333335,Low,Low environmental impact
374,[0.04448292 0.         0.07581545 ... 0.009662   0.10789807 0.05142042],cotton,7,9,5,7.0,High,Risk because high water consumption
375,[0.         0.04730145 0.14492662 ... 0.         0.         0.        ],silk,5,5,4,4.666666666666667,Medium,Low environmental impact
376,[0.         0.02909459 0.01892402 ... 0.00119233 0.00501319 0.03819481],wool,6,5,3,4.666666666666667,Medium,Low environmental impact
377,[0. 0. 0. ... 0. 0. 0.],cotton,7,9,5,7.0,High,Risk because high water consumption
378,[0.19972847 0.00683197 0.09419104 ... 0.07562178 0.         0.04260115],polyester,9,3,8,6.666666666666667,High,"Risk because high carbon footprint, high textile waste"
379,[0.00687245 0.         0.00531926 ... 0.         0.         0.02864707],cotton,7,9,5,7.0,High,Risk because high water consumption
380,[0.         0.         0.         ... 0.22875875 0.         0.03127683],polyester,9,3,8,6.666666666666667,High,"Risk because high carbon footprint, high textile waste"
381,[0.02804147 0.         0.         ... 0.03298219 0.         0.        ],linen,2,3,2,2.3333333333333335,Low,Low environmental impact
382,[0.         0.         0.         ... 0.         0.02294525 0.02062296],silk,5,5,4,4.666666666666667,Medium,Low environmental impact
383,[0.         0.         0.         ... 0.         0.         0.04891502],wool,6,5,3,4.666666666666667,Medium,Low environmental impact
384,[0.         0.         0.03544518 ... 0.         0.00553001 0.        ],cotton,7,9,5,7.0,High,Risk because high water consumption
385,[0.00237006 0.         0.         ... 0.         0.         0.00948152],cotton,7,9,5,7.0,High,Risk because high water consumption
386,[0.05497792 0.         0.08096832 ... 0.         0.13940237 0.05330167],polyester,9,3,8,6.666666666666667,High,"Risk because high carbon footprint, high textile waste"
387,[0.         0.         0.21492049 ... 0.         0.         0.        ],silk,5,5,4,4.666666666666667,Medium,Low environmental impact
388,[0.         0.         0.         ... 0.09465214 0.         0.        ],linen,2,3,2,2.3333333333333335,Low,Low environmental impact
389,[0.00755839 0.         0.00696294 ... 0.01787525 0.02805793 0.02352319],linen,2,3,2,2.3333333333333335,Low,Low environmental impact
390,[0.00071609 0.         0.         ... 0.00607876 0.         0.0839695 ],cotton,7,9,5,7.0,High,Risk because high water consumption
391,[0.         0.01463238 0.17632872 ... 0.01224652 0.         0.04516275],silk,5,5,4,4.666666666666667,Medium,Low environmental impact
392,[0.00424253 0.         0.         ... 0.         0.05879655 0.        ],silk,5,5,4,4.666666666666667,Medium,Low environmental impact
393,[0.         0.00068152 0.01271749 ... 0.08489235 0.02809683 0.03838241],cotton,7,9,5,7.0,High,Risk because high water consumption
394,[0.02602883 0.         0.         ... 0.         0.         0.10385808],silk,5,5,4,4.666666666666667,Medium,Low environmental impact
395,[0.00235798 0.         0.         ... 0.         0.06548914 0.01200906],polyester,9,3,8,6.666666666666667,High,"Risk because high carbon footprint, high textile waste"
396,[0.         0.         0.10994872 ... 0.         0.         0.        ],wool,6,5,3,4.666666666666667,Medium,Low environmental impact
397,[0.18419659 0.         0.         ... 0.14016107 0.         0.03456334],silk,5,5,4,4.666666666666667,Medium,Low environmental impact
398,[0.06023798 0.         0.00274296 ... 0.05009577 0.00615049 0.06040128],polyester,9,3,8,6.666666666666667,High,"Risk because high carbon footprint, high textile waste"
399,[0.         0.00602101 0.08786564 ... 0.00885259 0.         0.        ],silk,5,5,4,4.666666666666667,Medium,Low environmental impact
400,[0.         0.         0.         ... 0.01713948 0.         0.        ],cotton,7,9,5,7.0,High,Risk because high water consumption
401,[0.         0.11031875 0.         ... 0.         0.         0.02165515],polyester,9,3,8,6.666666666666667,High,"Risk because high carbon footprint, high textile waste"
402,[0.         0.         0.00235481 ... 0.03993106 0.         0.        ],silk,5,5,4,4.666666666666667,Medium,Low environmental impact
403,[0.00541194 0.         0.         ... 0.         0.         0.07530266],cotton,7,9,5,7.0,High,Risk because high water consumption
404,[0.05613872 0.00385122 0.         ... 0.02365309 0.         0.0415583 ],linen,2,3,2,2.3333333333333335,Low,Low environmental impact
405,[0.08765036 0.06368238 0.05726881 ... 0.00468109 0.21206273 0.00393617],wool,6,5,3,4.666666666666667,Medium,Low environmental impact
406,[0.         0.         0.00817273 ... 0.         0.08982845 0.10379773],cotton,7,9,5,7.0,High,Risk because high water consumption
407,[0.         0.         0.01576625 ... 0.         0.         0.        ],cotton,7,9,5,7.0,High,Risk because high water consumption
408,[0.01077976 0.         0.00619311 ... 0.         0.         0.        ],linen,2,3,2,2.3333333333333335,Low,Low environmental impact
409,[0.05743077 0.         0.         ... 0.00611605 0.05294261 0.00127527],wool,6,5,3,4.666666666666667,Medium,Low environmental impact
410,[0.04292426 0.         0.         ... 0.         0.         0.        ],wool,6,5,3,4.666666666666667,Medium,Low environmental impact
411,[0.00141094 0.         0.         ... 0.00675289 0.         0.        ],cotton,7,9,5,7.0,High,Risk because high water consumption
412,[0.         0.         0.02743726 ... 0.         0.         0.        ],linen,2,3,2,2.3333333333333335,Low,Low environmental impact
413,[0.0005912  0.         0.00986926 ... 0.00415712 0.05950148 0.01036112],silk,5,5,4,4.666666666666667,Medium,Low environmental impact
414,[0.06464766 0.         0.         ... 0.         0.         0.00788434],silk,5,5,4,4.666666666666667,Medium,Low environmental impact
415,[0.0075494  0.         0.         ... 0.         0.09239558 0.        ],polyester,9,3,8,6.666666666666667,High,"Risk because high carbon footprint, high textile waste"
416,[0.01846397 0.         0.23414356 ... 0.         0.00250874 0.01467527],silk,5,5,4,4.666666666666667,Medium,Low environmental impact
417,[0. 0. 0. ... 0. 0. 0.],silk,5,5,4,4.666666666666667,Medium,Low environmental impact
418,[0.         0.         0.0351808  ... 0.00360109 0.         0.01357487],silk,5,5,4,4.666666666666667,Medium,Low environmental impact
419,[0.         0.00954504 0.         ... 0.00745409 0.19749565 0.06315141],silk,5,5,4,4.666666666666667,Medium,Low environmental impact
420,[0.         0.         0.05018464 ... 0.         0.         0.        ],linen,2,3,2,2.3333333333333335,Low,Low environmental impact
421,[0.1455496  0.         0.43370166 ... 0.01686664 0.         0.03193063],wool,6,5,3,4.666666666666667,Medium,Low environmental impact
422,[0.         0.01334622 0.         ... 0.         0.05431359 0.02920302],silk,5,5,4,4.666666666666667,Medium,Low environmental impact
423,[0.        0.        0.        ... 0.0043306 0.        0.       ],cotton,7,9,5,7.0,High,Risk because high water consumption
424,[0.         0.         0.02073982 ... 0.02927702 0.         0.04000184],linen,2,3,2,2.3333333333333335,Low,Low environmental impact
425,[0.00482803 0.00187793 0.09809822 ... 0.04809546 0.01536175 0.03788443],cotton,7,9,5,7.0,High,Risk because high water consumption
426,[0.00560598 0.         0.06371459 ... 0.         0.06027154 0.01730886],polyester,9,3,8,6.666666666666667,High,"Risk because high carbon footprint, high textile waste"
427,[0.         0.01366038 0.         ... 0.         0.         0.        ],silk,5,5,4,4.666666666666667,Medium,Low environmental impact
428,[0.         0.         0.         ... 0.         0.         0.00607949],cotton,7,9,5,7.0,High,Risk because high water consumption
429,[0.06363144 0.00696492 0.         ... 0.00575021 0.16840966 0.12388095],wool,6,5,3,4.666666666666667,Medium,Low environmental impact
430,[0.         0.00520715 0.21418601 ... 0.         0.         0.        ],polyester,9,3,8,6.666666666666667,High,"Risk because high carbon footprint, high textile waste"
431,[0.20899376 0.         0.15962659 ... 0.02114882 0.01433776 0.        ],silk,5,5,4,4.666666666666667,Medium,Low environmental impact
432,[0.         0.         0.05523514 ... 0.23454461 0.32403681 0.04087331],cotton,7,9,5,7.0,High,Risk because high water consumption
433,[0. 0. 0. ... 0. 0. 0.],linen,2,3,2,2.3333333333333335,Low,Low environmental impact
434,[0.         0.         0.05899057 ... 0.         0.         0.03899211],wool,6,5,3,4.666666666666667,Medium,Low environmental impact
435,[0.         0.         0.01281498 ... 0.         0.0565301  0.        ],linen,2,3,2,2.3333333333333335,Low,Low environmental impact
436,[0.        0.        0.0176722 ... 0.        0.        0.       ],wool,6,5,3,4.666666666666667,Medium,Low environmental impact
437,[0.         0.         0.17785257 ... 0.04206538 0.         0.        ],wool,6,5,3,4.666666666666667,Medium,Low environmental impact
438,[0.         0.00730232 0.02629883 ... 0.00201256 0.         0.        ],silk,5,5,4,4.666666666666667,Medium,Low environmental impact
439,[0.         0.00284086 0.         ... 0.         0.         0.00699108],linen,2,3,2,2.3333333333333335,Low,Low environmental impact
440,[0.00213834 0.00884048 0.02300612 ... 0.         0.         0.00145721],polyester,9,3,8,6.666666666666667,High,"Risk because high carbon footprint, high textile waste"
441,[0.05345568 0.         0.         ... 0.01539596 0.         0.        ],linen,2,3,2,2.3333333333333335,Low,Low environmental impact
442,[0.01158183 0.01423227 0.36231068 ... 0.01980049 0.14244689 0.05363781],silk,5,5,4,4.666666666666667,Medium,Low environmental impact
443,[0.01626375 0.         0.13478993 ... 0.01878271 0.39667004 0.02738944],wool,6,5,3,4.666666666666667,Medium,Low environmental impact
444,[0.         0.00112122 0.15687782 ... 0.         0.         0.01842308],wool,6,5,3,4.666666666666667,Medium,Low environmental impact
445,[0.         0.         0.00458425 ... 0.01821733 0.         0.        ],wool,6,5,3,4.666666666666667,Medium,Low environmental impact
446,[0.24152628 0.         0.02426027 ... 0.03828581 0.11978779 0.03502744],polyester,9,3,8,6.666666666666667,High,"Risk because high carbon footprint, high textile waste"
447,[0.         0.         0.         ... 0.00863678 0.06714275 0.03890324],wool,6,5,3,4.666666666666667,Medium,Low environmental impact
448,[0.         0.00236217 0.14657174 ... 0.         0.         0.        ],wool,6,5,3,4.666666666666667,Medium,Low environmental impact
449,[0.13085084 0.         0.01754943 ... 0.         0.         0.        ],linen,2,3,2,2.3333333333333335,Low,Low environmental impact
450,[0.00017897 0.         0.08283777 ... 0.         0.         0.        ],cotton,7,9,5,7.0,High,Risk because high water consumption
451,[0.01876592 0.         0.00338133 ... 0.         0.         0.03595468],silk,5,5,4,4.666666666666667,Medium,Low environmental impact
452,[0.00029877 0.         0.         ... 0.         0.         0.        ],silk,5,5,4,4.666666666666667,Medium,Low environmental impact
453,[0.04008583 0.         0.20079491 ... 0.44737139 0.01901177 0.03816398],linen,2,3,2,2.3333333333333335,Low,Low environmental impact
454,[0.         0.         0.         ... 0.02155161 0.11632064 0.10087588],wool,6,5,3,4.666666666666667,Medium,Low environmental impact
455,[0.         0.01239588 0.         ... 0.00089944 0.07837672 0.        ],silk,5,5,4,4.666666666666667,Medium,Low environmental impact
456,[0. 0. 0. ... 0. 0. 0.],silk,5,5,4,4.666666666666667,Medium,Low environmental impact
457,[0.08151805 0.         0.         ... 0.00307652 0.23233943 0.04253365],wool,6,5,3,4.666666666666667,Medium,Low environmental impact
458,[0.        0.0502404 0.        ... 0.        0.        0.       ],polyester,9,3,8,6.666666666666667,High,"Risk because high carbon footprint, high textile waste"
459,[0.         0.         0.         ... 0.00121879 0.         0.        ],silk,5,5,4,4.666666666666667,Medium,Low environmental impact
460,[0.01110199 0.         0.15599677 ... 0.         0.25087523 0.        ],polyester,9,3,8,6.666666666666667,High,"Risk because high carbon footprint, high textile waste"
461,[0.         0.         0.20796368 ... 0.         0.         0.        ],wool,6,5,3,4.666666666666667,Medium,Low environmental impact
462,[0.04438506 0.         0.00057098 ... 0.         0.         0.01114294],silk,5,5,4,4.666666666666667,Medium,Low environmental impact
463,[0.         0.00599446 0.20439433 ... 0.         0.00106767 0.        ],silk,5,5,4,4.666666666666667,Medium,Low environmental impact
464,[0.03117472 0.         0.15423289 ... 0.         0.         0.05997568],polyester,9,3,8,6.666666666666667,High,"Risk because high carbon footprint, high textile waste"
465,[0.         0.         0.09340671 ... 0.00875986 0.05391118 0.        ],linen,2,3,2,2.3333333333333335,Low,Low environmental impact
466,[0.01817753 0.         0.         ... 0.         0.         0.05769362],silk,5,5,4,4.666666666666667,Medium,Low environmental impact
467,[0.         0.         0.         ... 0.0048003  0.16660731 0.        ],cotton,7,9,5,7.0,High,Risk because high water consumption
468,[0.         0.         0.04497291 ... 0.         0.         0.        ],cotton,7,9,5,7.0,High,Risk because high water consumption
469,[0.00271732 0.         0.         ... 0.         0.         0.02658892],linen,2,3,2,2.3333333333333335,Low,Low environmental impact
470,[0.04054724 0.03897341 0.03825328 ... 0.         0.         0.05439957],linen,2,3,2,2.3333333333333335,Low,Low environmental impact
471,[0.00616973 0.         0.         ... 0.00856225 0.00814117 0.02576499],linen,2,3,2,2.3333333333333335,Low,Low environmental impact
472,[0.00153931 0.01182894 0.01695848 ... 0.         0.         0.00105014],wool,6,5,3,4.666666666666667,Medium,Low environmental impact
473,[0.         0.00816157 0.         ... 0.         0.0091035  0.        ],polyester,9,3,8,6.666666666666667,High,"Risk because high carbon footprint, high textile waste"
474,[0.         0.         0.00117445 ... 0.         0.         0.        ],linen,2,3,2,2.3333333333333335,Low,Low environmental impact
475,[0.         0.03991343 0.06093178 ... 0.         0.         0.        ],cotton,7,9,5,7.0,High,Risk because high water consumption
476,[0.04291128 0.         0.15006502 ... 0.01570338 0.         0.01432658],silk,5,5,4,4.666666666666667,Medium,Low environmental impact
477,[0.         0.10085579 0.         ... 0.         0.         0.        ],cotton,7,9,5,7.0,High,Risk because high water consumption
478,"[0.00000000e+00 0.00000000e+00 6.03798665e-02 ... 1.69307405e-05
 3.98545638e-02 0.00000000e+00]",polyester,9,3,8,6.666666666666667,High,"Risk because high carbon footprint, high textile waste"
479,[0.06795219 0.         0.11628529 ... 0.02228073 0.06494666 0.00550312],silk,5,5,4,4.666666666666667,Medium,Low environmental impact
480,[0.02592338 0.00529774 0.04507365 ... 0.01797706 0.13357468 0.045556  ],polyester,9,3,8,6.666666666666667,High,"Risk because high carbon footprint, high textile waste"
481,[0.         0.03363855 0.06927613 ... 0.         0.         0.        ],polyester,9,3,8,6.666666666666667,High,"Risk because high carbon footprint, high textile waste"
482,"[1.03056671e-04 0.00000000e+00 0.00000000e+00 ... 1.96377799e-01
 0.00000000e+00 0.00000000e+00]",polyester,9,3,8,6.666666666666667,High,"Risk because high carbon footprint, high textile waste"
483,[0. 0. 0. ... 0. 0. 0.],linen,2,3,2,2.3333333333333335,Low,Low environmental impact
484,[0.28862533 0.         0.339935   ... 0.24407554 0.04258907 0.        ],cotton,7,9,5,7.0,High,Risk because high water consumption
485,[0.03110385 0.         0.56042373 ... 0.00129077 0.         0.01002007],linen,2,3,2,2.3333333333333335,Low,Low environmental impact
486,[0.         0.         0.02009851 ... 0.         0.02562919 0.0466719 ],silk,5,5,4,4.666666666666667,Medium,Low environmental impact
487,[0.05670322 0.         0.03981733 ... 0.         0.         0.01257683],cotton,7,9,5,7.0,High,Risk because high water consumption
488,[0.2427939  0.         0.09717206 ... 0.01145854 0.05114254 0.27525777],cotton,7,9,5,7.0,High,Risk because high water consumption
489,[0.01085828 0.         0.01798813 ... 0.02487018 0.04802126 0.        ],polyester,9,3,8,6.666666666666667,High,"Risk because high carbon footprint, high textile waste"
490,[0.         0.01080479 0.01118655 ... 0.00111575 0.0343341  0.        ],wool,6,5,3,4.666666666666667,Medium,Low environmental impact
491,[0.         0.00677365 0.05445364 ... 0.0163508  0.         0.00848367],linen,2,3,2,2.3333333333333335,Low,Low environmental impact
492,[0.         0.0025418  0.09035338 ... 0.         0.00632416 0.        ],linen,2,3,2,2.3333333333333335,Low,Low environmental impact
493,[0. 0. 0. ... 0. 0. 0.],silk,5,5,4,4.666666666666667,Medium,Low environmental impact
494,[0.0578779  0.         0.12326917 ... 0.26581192 0.12728426 0.        ],linen,2,3,2,2.3333333333333335,Low,Low environmental impact
495,[0.         0.         0.         ... 0.         0.         0.00379296],cotton,7,9,5,7.0,High,Risk because high water consumption
496,[0.         0.00251496 0.         ... 0.         0.         0.03888213],wool,6,5,3,4.666666666666667,Medium,Low environmental impact
497,[0.00354403 0.         0.         ... 0.04767618 0.         0.        ],polyester,9,3,8,6.666666666666667,High,"Risk because high carbon footprint, high textile waste"
498,[0.         0.         0.         ... 0.02794427 0.14450084 0.        ],silk,5,5,4,4.666666666666667,Medium,Low environmental impact
499,[0.02839664 0.         0.         ... 0.03657523 0.         0.08552573],polyester,9,3,8,6.666666666666667,High,"Risk because high carbon footprint, high textile waste"
500,[0.         0.         0.         ... 0.06042056 0.00064042 0.00349905],cotton,7,9,5,7.0,High,Risk because high water consumption
